material_id,source_database,formula,ordering_final,ordering_source,confidence,space_group_number,crystal_system_bucket,heavy_soc_elements,energy_above_hull,density,volume,nsites
mp-850225,MaterialsProject,FeP6(WO8)3,FM,ground_truth,1.0,146.0,trigonal,['W'],0.0,3.999839053864763,488.7134775793289,34.0
mp-1043970,MaterialsProject,CaLaTaFeO6,FM,ground_truth,1.0,7.0,monoclinic,['Ta'],0.0,6.577330133753594,516.8167803665634,40.0
mp-1105823,MaterialsProject,NaLaFeWO6,FM,ground_truth,1.0,4.0,monoclinic,['W'],0.0,6.439923365722599,256.6010191065818,20.0
mp-1189143,MaterialsProject,NaNdFeWO6,FM,ground_truth,1.0,4.0,monoclinic,['W'],0.0,6.615996098020629,252.4508640849,20.0
mp-1189616,MaterialsProject,Ta3FeS6,FM,ground_truth,1.0,182.0,hexagonal,['Ta'],0.0,7.757532138496357,338.6687840555226,20.0
mp-1197024,MaterialsProject,FeBi(SeO3)3,FM,ground_truth,1.0,19.0,orthorhombic,['Bi'],0.0,4.819103847022588,889.9663595870363,56.0
mp-1225033,MaterialsProject,FeMo3PtN,FiM,ground_truth,1.0,198.0,cubic,['Pt'],0.0,11.774749356454743,311.8104369381107,24.0
mp-1225377,MaterialsProject,Eu2FeP3Pt7,FM,ground_truth,1.0,119.0,tetragonal,['Pt'],0.0,13.418546714088336,225.011608079594,13.0
mp-1228547,MaterialsProject,Ba4Ta10FeO30,FM,ground_truth,1.0,44.0,orthorhombic,['Ta'],0.0,7.677994830544311,626.0253373984401,45.0
mp-1228376,MaterialsProject,Ba3Fe2WO9,FM,ground_truth,1.0,186.0,hexagonal,['W'],0.0,6.610572786566528,427.786929168225,30.0
mp-639789,MaterialsProject,Fe2Re3,FM,ground_truth,1.0,213.0,cubic,['Re'],0.0,16.74598483944207,265.8733098110027,20.0
mp-1190340,MaterialsProject,Ba3TaFe3(SiO7)2,FM,ground_truth,1.0,150.0,trigonal,['Ta'],0.0,5.005620508589743,345.2121316882518,23.0
mp-1219445,MaterialsProject,Sc4TaFe19P12,FiM,ground_truth,1.0,6.0,monoclinic,['Ta'],0.0,6.894135663260303,431.98978775413514,36.0
mp-774466,MaterialsProject,CoP6(WO8)3,FM,ground_truth,1.0,146.0,trigonal,['W'],0.0,3.979679156223205,492.4777212647945,34.0
mp-1208409,MaterialsProject,Ta3CoS6,FM,ground_truth,1.0,182.0,hexagonal,['Ta'],0.0,7.571772707178094,348.3319184972003,20.0
mp-1210062,MaterialsProject,NaNdCoWO6,FM,ground_truth,1.0,4.0,monoclinic,['W'],0.0,6.793128249874095,247.37793941379914,20.0
mp-1228585,MaterialsProject,Ba4Ta10CoO30,FM,ground_truth,1.0,44.0,orthorhombic,['Ta'],0.0,7.726021007637913,622.7976041002285,45.0
mp-645301,MaterialsProject,K2CoP2WO10,FM,ground_truth,1.0,92.0,tetragonal,['W'],0.0,3.800561121291398,948.8340562217385,64.0
mp-1217952,MaterialsProject,Ta12Co3Pt3Se32,FM,ground_truth,1.0,8.0,monoclinic,"['Pt', 'Ta']",0.0,7.710476649921107,1175.9047342265403,50.0
mp-1218094,MaterialsProject,Ta6V3Co3C2,FM,ground_truth,1.0,44.0,orthorhombic,['Ta'],0.0,12.49750944761351,382.4871346531448,28.0
mp-1228183,MaterialsProject,Ba4Re2NiO12,FM,ground_truth,1.0,160.0,trigonal,['Re'],0.0,6.901285784446068,282.09665294688773,19.0
mp-556502,MaterialsProject,K2NiP2WO10,FM,ground_truth,1.0,92.0,tetragonal,['W'],0.0,3.8452510599478757,937.3923867583018,64.0
mp-1227577,MaterialsProject,Ce4Ni4Bi3Sb5,FiM,ground_truth,1.0,115.0,tetragonal,['Bi'],0.0,8.69662654490338,387.7963056289578,16.0
mp-776341,MaterialsProject,MnP6(WO8)3,FM,ground_truth,1.0,146.0,trigonal,['W'],0.0,3.9137827019622917,499.07451902766053,34.0
mp-1105401,MaterialsProject,NaYMnWO6,FM,ground_truth,1.0,4.0,monoclinic,['W'],0.0,5.964297002859175,248.71769205939404,20.0
mp-1105566,MaterialsProject,KLaMnWO6,FM,ground_truth,1.0,4.0,monoclinic,['W'],0.0,6.2442326889161075,272.7279081735704,20.0
mp-1173263,MaterialsProject,Sr2MnBiPbO6,FiM,ground_truth,1.0,3.0,monoclinic,['Bi'],0.0,6.766599128918615,728.7023804063019,44.0
mp-1205996,MaterialsProject,Zr6MnBi2,FM,ground_truth,1.0,189.0,hexagonal,['Bi'],0.0,8.262832236574784,205.03297845132983,9.0
mp-1217948,MaterialsProject,TaMnNbO6,FM,ground_truth,1.0,18.0,orthorhombic,['Ta'],0.0,6.402688456418328,440.6762849635959,36.0
mp-1225492,MaterialsProject,Eu2MnP3Pt7,FM,ground_truth,1.0,119.0,tetragonal,['Pt'],0.0,13.199855438076359,228.62543867803976,13.0
mp-20156,MaterialsProject,NaNdMnWO6,FM,ground_truth,1.0,4.0,monoclinic,['W'],0.0,6.482319437056749,257.19217935704063,20.0
mp-22748,MaterialsProject,NaLaMnWO6,FM,ground_truth,1.0,4.0,monoclinic,['W'],0.0,6.317543545013713,261.09496807380094,20.0
mp-555494,MaterialsProject,NaTbMnWO6,FM,ground_truth,1.0,4.0,monoclinic,['W'],0.0,6.887798301431818,249.1313393459376,20.0
mp-1205023,MaterialsProject,Sr4Mn2Bi4O13,FM,ground_truth,1.0,33.0,orthorhombic,['Bi'],0.0,6.83602376550347,2923.2185354885414,184.0
mp-559323,MaterialsProject,Mn4Bi3NO15,FM,ground_truth,1.0,143.0,trigonal,['Bi'],0.0,6.253419080308131,292.27859474623426,23.0
mp-1218087,MaterialsProject,Ta3Mn8Al,FiM,ground_truth,1.0,156.0,trigonal,['Ta'],0.0,10.476365320967435,159.98211983939527,12.0
mp-775489,MaterialsProject,CrP6(WO8)3,FiM,ground_truth,1.0,146.0,trigonal,['W'],0.0,4.004694270284778,486.5250312381382,34.0
mp-1189011,MaterialsProject,Ta3CrS6,FM,ground_truth,1.0,182.0,hexagonal,['Ta'],0.0,7.431621029320114,351.80096894831183,20.0
mp-1228228,MaterialsProject,Al7Cr(Bi2O9)2,FM,ground_truth,1.0,3.0,monoclinic,['Bi'],0.0,6.052542914238803,374.43214758961045,30.0
mp-1239167,MaterialsProject,TaCr3(CuS4)2,FM,ground_truth,1.0,17.0,orthorhombic,['Ta'],0.0,4.815787139445033,496.9066818294148,28.0
JVASP-99955,JARVIS,MnHgS2,FM,predicted,0.9279426234350323,160.0,trigonal,['Hg'],0.0,5.514,,4.0
JVASP-176500,JARVIS,Ho9Er3Mn2Bi4,FiM,predicted,0.9087859892346989,6.0,monoclinic,['Bi'],0.0,9.891,,18.0
JVASP-155443,JARVIS,MnCu2HgSe4,FM,predicted,0.8975858381416925,121.0,tetragonal,['Hg'],0.0,6.259,,8.0
JVASP-89990,JARVIS,UAlPt,FiM,predicted,0.8969383215274099,189.0,hexagonal,['Pt'],0.0,12.963,,9.0
JVASP-121617,JARVIS,Hf3TaFe8,FiM,predicted,0.8925452360107964,156.0,trigonal,['Ta'],0.0,11.976,,12.0
JVASP-166354,JARVIS,Zr3TaFe8,FiM,predicted,0.876910428005241,160.0,trigonal,['Ta'],0.0,9.007,,12.0
mp-1221591,MaterialsProject,MnHg2Te3,FM,predicted,0.8724343854611845,156.0,trigonal,['Hg'],0.0,6.761604185697917,206.02451002545604,6.0
JVASP-13272,JARVIS,Li7OsO6,FM,predicted,0.8622997624337561,1.0,triclinic,['Os'],0.0,4.47,,14.0
JVASP-104739,JARVIS,Ho3Er3MnBi2,FiM,predicted,0.8612274096932448,189.0,hexagonal,['Bi'],0.0,9.954,,9.0
JVASP-155371,JARVIS,CrCu2HgSe4,FM,predicted,0.8452544619628063,121.0,tetragonal,['Hg'],0.0,6.254,,8.0
JVASP-92537,JARVIS,USi3Ir,FiM,predicted,0.8425957181886157,107.0,tetragonal,['Ir'],0.0,9.889,,5.0
mp-23039,MaterialsProject,Er6MnBi2,FiM,predicted,0.8345800784423798,189.0,hexagonal,['Bi'],0.0,9.77506284605537,250.8124675157405,9.0
mp-23047,MaterialsProject,Ho6MnBi2,FiM,predicted,0.830823967401537,189.0,hexagonal,['Bi'],0.0,9.530987623539865,254.8011332874386,9.0
JVASP-141454,JARVIS,FeHg2O3F5,FM,predicted,0.8279907188630404,38.0,orthorhombic,['Hg'],0.0,5.828,,11.0
mp-1207016,MaterialsProject,Dy6MnBi2,FiM,predicted,0.8246729095897241,189.0,hexagonal,['Bi'],0.0,9.290006276426196,258.80419543608303,9.0
oqmd-17491,OQMD,Ir3 Li1,FM,predicted,0.8119818235141584,44.0,orthorhombic,['Ir'],0.0,,55.5345,4.0
JVASP-18334,JARVIS,Ho6MnBi2,FiM,predicted,0.8079556117174231,189.0,hexagonal,['Bi'],0.0,9.821,,9.0
JVASP-105932,JARVIS,Dy6MnBi2,FiM,predicted,0.8051598205489393,189.0,hexagonal,['Bi'],0.0,9.594,,9.0
JVASP-26681,JARVIS,Na3OsO5,FM,predicted,0.7993793632469813,152.0,trigonal,['Os'],0.0,4.699,,27.0
JVASP-155442,JARVIS,MnCu2HgS4,FM,predicted,0.7885489863096933,121.0,tetragonal,['Hg'],0.0,5.355,,8.0
JVASP-110210,JARVIS,Mn2Sb2PtAu,FM,predicted,0.7867263933491863,160.0,trigonal,"['Au', 'Pt']",0.0,9.685,,6.0
JVASP-160005,JARVIS,FePd2Pt,FM,predicted,0.7790142789853653,216.0,cubic,['Pt'],0.0,12.913,,4.0
JVASP-103740,JARVIS,SrMn2BiO6,FM,predicted,0.7781701381237193,107.0,tetragonal,['Bi'],0.0,7.109,,10.0
JVASP-18333,JARVIS,Er6MnBi2,FiM,predicted,0.7763756045063577,189.0,hexagonal,['Bi'],0.0,10.043,,9.0
mp-1206034,MaterialsProject,Lu6MnBi2,FiM,predicted,0.7699314656176949,189.0,hexagonal,['Bi'],0.0,10.530533684287333,240.11169036691768,9.0
JVASP-111314,JARVIS,Lu6MnBi2,FiM,predicted,0.76946448683202,189.0,hexagonal,['Bi'],0.0,10.807,,9.0
JVASP-100799,JARVIS,SrTiMnBiO6,FM,predicted,0.7679984423546224,216.0,cubic,['Bi'],0.0,7.088,,10.0
JVASP-102796,JARVIS,CaFe2BiO6,FM,predicted,0.7637326625171919,107.0,tetragonal,['Bi'],0.0,6.803,,10.0
JVASP-155370,JARVIS,CrCu2HgS4,FM,predicted,0.7623153925177987,121.0,tetragonal,['Hg'],0.0,5.338,,8.0
JVASP-117503,JARVIS,BOsO4,FM,predicted,0.7619481150409444,82.0,tetragonal,['Os'],0.0,5.654,,6.0
JVASP-144597,JARVIS,U3Ni3Bi4,FiM,predicted,0.7592926382719175,220.0,cubic,['Bi'],0.0,12.84,,20.0
mp-1208030,MaterialsProject,U3Ni3Bi4,FiM,predicted,0.7540396361361001,220.0,cubic,['Bi'],0.0,12.989633637944573,441.3115135298354,20.0
JVASP-132944,JARVIS,Ba3Ti3Fe3Bi2O18,FM,predicted,0.7488150735445606,156.0,trigonal,['Bi'],0.0,6.416,,29.0
JVASP-69087,JARVIS,BaIrCl2,FM,predicted,0.7486243845571956,25.0,orthorhombic,['Ir'],0.0,5.842,,4.0
JVASP-132273,JARVIS,Mn28W,FiM,predicted,0.7479742656579156,217.0,cubic,['W'],0.0,9.045,,29.0
JVASP-87915,JARVIS,CeMgPt,FiM,predicted,0.7448699349222052,189.0,hexagonal,['Pt'],0.0,9.021,,9.0
JVASP-122168,JARVIS,Sr2FeBiPbO6,FM,predicted,0.7395377554535885,107.0,tetragonal,['Bi'],0.0,7.483,,11.0
oqmd-17600,OQMD,Li1 Pt1,FM,predicted,0.7379456765076585,187.0,hexagonal,['Pt'],0.0,,27.7303,2.0
JVASP-44769,JARVIS,Li4Ti3Cr3W2O16,FM,predicted,0.7370534738676077,8.0,monoclinic,['W'],0.0,5.45,,28.0
JVASP-141943,JARVIS,Ba3TaFe3Si2O14,FM,predicted,0.7354446706667489,150.0,trigonal,['Ta'],0.0,5.067,,23.0
JVASP-90259,JARVIS,Tb6FeBi2,FiM,predicted,0.7353711075422259,189.0,hexagonal,['Bi'],0.0,9.491,,9.0
JVASP-43389,JARVIS,Li4MnW3O12,FM,predicted,0.7346110613156797,3.0,monoclinic,['W'],0.0,6.213,,20.0
JVASP-160499,JARVIS,PuBiRh,FiM,predicted,0.7270078846192304,216.0,cubic,['Bi'],0.0,12.278,,3.0
JVASP-44414,JARVIS,Li2Mn3WO8,FM,predicted,0.726229610193929,9.0,monoclinic,['W'],0.0,5.721,,28.0
JVASP-172010,JARVIS,Dy6FeBi2,FiM,predicted,0.7250972165630715,189.0,hexagonal,['Bi'],0.0,9.792,,9.0
JVASP-44630,JARVIS,Li4MnV2WO12,FM,predicted,0.7247831602060295,1.0,triclinic,['W'],0.0,4.821,,20.0
JVASP-178319,JARVIS,Ca3Mn4BiO12,FM,predicted,0.7137477930957807,6.0,monoclinic,['Bi'],0.0,5.673,,20.0
mp-30328,MaterialsProject,Ho6FeBi2,FiM,predicted,0.713488382973251,189.0,hexagonal,['Bi'],0.0,9.783422579674907,248.38061141160557,9.0
JVASP-50977,JARVIS,Li2CuBiO4,FM,predicted,0.7094488544066321,119.0,tetragonal,['Bi'],0.0,6.651,,8.0
JVASP-175926,JARVIS,P6Pb9AuO25,FM,predicted,0.7051348586934977,143.0,trigonal,['Au'],0.0,7.215,,41.0
mp-5676,MaterialsProject,MnSbPt,FM,predicted,0.6985421306392496,216.0,cubic,['Pt'],0.0,10.330880733955457,59.758565290212296,3.0
JVASP-30364,JARVIS,WBr2O2,FM,predicted,0.695690575141517,26.0,orthorhombic,['W'],0.0,4.955,,10.0
JVASP-155368,JARVIS,CoCu2HgSe4,FM,predicted,0.695513137067459,121.0,tetragonal,['Hg'],0.0,6.532,,8.0
oqmd-14012,OQMD,P1 Pt1 Y1,FM,predicted,0.6938675363984674,187.0,hexagonal,['Pt'],0.0,,57.8425,3.0
JVASP-156355,JARVIS,FeGeIr,FM,predicted,0.6908229442810234,216.0,cubic,['Ir'],0.0,10.833,,3.0
oqmd-14010,OQMD,P1 Pt1 Tb1,FM,predicted,0.6880647058662286,187.0,hexagonal,['Pt'],0.0,,57.8725,3.0
JVASP-170516,JARVIS,MnFe3Bi4O12,FM,predicted,0.6830190394594831,1.0,triclinic,['Bi'],0.0,8.711,,20.0
JVASP-141501,JARVIS,MgScWS4,FM,predicted,0.6784478500926094,44.0,orthorhombic,['W'],0.0,4.5,,14.0
JVASP-171714,JARVIS,Fe9B4Ir3,FM,predicted,0.6719308088054723,6.0,monoclinic,['Ir'],0.0,11.559,,16.0
mp-1205874,MaterialsProject,Lu6FeBi2,FiM,predicted,0.668810623072013,189.0,hexagonal,['Bi'],0.0,10.777831758217044,234.74204592981923,9.0
mp-1206002,MaterialsProject,Er6FeBi2,FiM,predicted,0.6647148630566592,189.0,hexagonal,['Bi'],0.0,10.036484253382529,244.42958358899895,9.0
JVASP-170386,JARVIS,SrCr2BiO6,FM,predicted,0.6634811313623759,146.0,trigonal,['Bi'],0.0,7.087,,10.0
JVASP-168586,JARVIS,CoBi6S2O16,FM,predicted,0.6627966309512561,5.0,monoclinic,['Bi'],0.0,7.542,,25.0
JVASP-140456,JARVIS,Cr2HgSe3S,FM,predicted,0.6609778422369104,44.0,orthorhombic,['Hg'],0.0,6.155,,14.0
mp-1206935,MaterialsProject,Tm6FeBi2,FiM,predicted,0.6571930923437022,189.0,hexagonal,['Bi'],0.0,10.229453868276048,241.4502483200463,9.0
JVASP-177494,JARVIS,ScMn3Bi4O12,FM,predicted,0.654192705949636,5.0,monoclinic,['Bi'],0.0,8.17,,20.0
JVASP-133692,JARVIS,Li7Fe3W2O16,FM,predicted,0.6537987003553455,8.0,monoclinic,['W'],0.0,5.094,,28.0
JVASP-102611,JARVIS,Er6FeBi2,FiM,predicted,0.6531196942172227,189.0,hexagonal,['Bi'],0.0,10.219,,9.0
JVASP-167831,JARVIS,CaFeReO6,FiM,predicted,0.6512809510502311,7.0,monoclinic,['Re'],0.0,6.117,,18.0
JVASP-102906,JARVIS,NaCo2BiO6,FM,predicted,0.640991732891269,146.0,trigonal,['Bi'],0.0,7.115,,10.0
JVASP-173801,JARVIS,Ti3FeBi5O15,FM,predicted,0.6390245155811969,8.0,monoclinic,['Bi'],0.0,7.889,,24.0
JVASP-133441,JARVIS,Na2Nb2W2O13,FM,predicted,0.6373235760490918,44.0,orthorhombic,['W'],0.0,4.623,,19.0
oqmd-17882,OQMD,Al1 Li2 Pt1,FM,predicted,0.6362077257650371,216.0,cubic,['Pt'],0.0,,54.4227,4.0
JVASP-170091,JARVIS,Ti4FeBiPb4O15,FM,predicted,0.6320636918553773,35.0,orthorhombic,['Bi'],0.0,7.501,,25.0
mp-1072255,MaterialsProject,ScNi4Au,FiM,predicted,0.6237411268315207,216.0,cubic,['Au'],0.0,10.211183281331074,77.52015067134978,6.0
JVASP-170356,JARVIS,SrTiFeBiO6,FM,predicted,0.6222442537269152,146.0,trigonal,['Bi'],0.0,7.043,,10.0
JVASP-155367,JARVIS,CoCu2HgS4,FM,predicted,0.6179352977882643,121.0,tetragonal,['Hg'],0.0,5.583,,8.0
oqmd-18385,OQMD,In1 Li2 Pt1,FM,predicted,0.6150177118791712,216.0,cubic,['Pt'],0.0,,64.1004,4.0
JVASP-180113,JARVIS,Mn2AlIr,FM,predicted,0.6146480215930312,216.0,cubic,['Ir'],0.0,10.582,,4.0
JVASP-16158,JARVIS,USiAu,FiM,predicted,0.6132711804985279,187.0,hexagonal,['Au'],0.0,12.36,,3.0
JVASP-44406,JARVIS,Li4V3Cr3W2O16,FM,predicted,0.6104308143508548,8.0,monoclinic,['W'],0.0,5.592,,28.0
JVASP-9897,JARVIS,Mg2CrWO6,FM,predicted,0.6097322905241401,146.0,trigonal,['W'],0.0,5.96,,10.0
mp-1205904,MaterialsProject,Y6MnBi2,FiM,predicted,0.6054341269468643,189.0,hexagonal,['Bi'],0.0,6.328787900936884,264.0405806308527,9.0
JVASP-173660,JARVIS,U3Sb4Pt3,FiM,predicted,0.6019482557467272,220.0,cubic,['Pt'],0.0,12.76,,20.0
JVASP-120460,JARVIS,U3Bi4Rh3,FiM,predicted,0.6011773831619011,220.0,cubic,['Bi'],0.0,13.084,,20.0
JVASP-161026,JARVIS,TaFeSn,FiM,predicted,0.6006578300620694,216.0,cubic,['Ta'],0.0,10.883,,3.0
JVASP-133400,JARVIS,Ta3AlFe8,FiM,predicted,0.5965432940304141,156.0,trigonal,['Ta'],0.0,11.153,,12.0
JVASP-106809,JARVIS,FeCoBi2O6,FM,predicted,0.5928457280578933,99.0,tetragonal,['Bi'],0.0,8.07,,10.0
JVASP-156487,JARVIS,PuNiBi,FiM,predicted,0.5901888205854623,216.0,cubic,['Bi'],0.0,12.219,,3.0
JVASP-43669,JARVIS,Li4V3Ni3W2O16,FM,predicted,0.5892870271619494,8.0,monoclinic,['W'],0.0,5.665,,28.0
mp-545522,MaterialsProject,CoBiO3,FM,predicted,0.5879500568378782,99.0,tetragonal,['Bi'],0.0,9.405374559914582,55.77490557004568,5.0
JVASP-111819,JARVIS,FeSnPt,FM,predicted,0.5814387983835112,156.0,trigonal,['Pt'],0.0,11.004,,12.0
JVASP-182530,JARVIS,BaPtRh,FM,predicted,0.5812811830576831,187.0,hexagonal,['Pt'],0.0,9.227,,3.0
JVASP-104687,JARVIS,TaMn2FeO6,FM,predicted,0.5799129684645661,146.0,trigonal,['Ta'],0.0,6.632,,10.0
JVASP-116481,JARVIS,RbHg3NCl8O2,FM,predicted,0.5772876090415399,8.0,monoclinic,['Hg'],0.0,4.533,,15.0
JVASP-133503,JARVIS,Ba2Fe4Bi2O11,FM,predicted,0.575235550509522,99.0,tetragonal,['Bi'],0.0,7.526,,19.0
JVASP-110388,JARVIS,NaCr2BiO6,FM,predicted,0.574554487937898,146.0,trigonal,['Bi'],0.0,6.568,,10.0
oqmd-18005,OQMD,Pt1 Sn1 Ti1,FM,predicted,0.5731108194632841,216.0,cubic,['Pt'],0.0,,59.8742,3.0
JVASP-145425,JARVIS,Ca7NiIr2O12,FiM,predicted,0.572861144608835,155.0,trigonal,['Ir'],0.0,5.523,,22.0
JVASP-146158,JARVIS,Fe3CoBi4O12,FM,predicted,0.5712308404518448,1.0,triclinic,['Bi'],0.0,8.68,,20.0
JVASP-57577,JARVIS,TiFeBi2O6,FM,predicted,0.5688091849475615,146.0,trigonal,['Bi'],0.0,8.042,,10.0
JVASP-122226,JARVIS,Ba6Y2Ru3PtO18,FM,predicted,0.5649828634776775,156.0,trigonal,['Pt'],0.0,6.678,,30.0
JVASP-75753,JARVIS,Ti2ReAs,FiM,predicted,0.55832179211626,216.0,cubic,['Re'],0.0,9.707,,4.0
JVASP-164345,JARVIS,Ca7CuPt2O12,FM,predicted,0.5531299334376393,5.0,monoclinic,['Pt'],0.0,5.49,,22.0
JVASP-166204,JARVIS,Sr2MnBiPbO6,FM,predicted,0.5525558377146205,3.0,monoclinic,['Bi'],0.0,7.073,,22.0
JVASP-9338,JARVIS,AlCrW2O8,FM,predicted,0.5489649103740227,1.0,triclinic,['W'],0.0,6.235,,12.0
JVASP-170765,JARVIS,Ba4Re2NiO12,FM,predicted,0.5484729012827324,160.0,trigonal,['Re'],0.0,7.123,,19.0
JVASP-178474,JARVIS,Ce4CdIr,FiM,predicted,0.5483105407867431,216.0,cubic,['Ir'],0.0,8.739,,24.0
JVASP-122464,JARVIS,Sr7CaIr2O12,FM,predicted,0.547621537814198,155.0,trigonal,['Ir'],0.0,6.305,,22.0
JVASP-9331,JARVIS,YReW2O8,FiM,predicted,0.545982887568837,1.0,triclinic,"['Re', 'W']",0.0,8.243,,12.0
JVASP-95497,JARVIS,TbNaMnWO6,FM,predicted,0.5454683121920021,4.0,monoclinic,['W'],0.0,7.717,,20.0
JVASP-119645,JARVIS,TaNbCu3O8,FM,predicted,0.5412185816861025,1.0,triclinic,['Ta'],0.0,6.424,,13.0
JVASP-75764,JARVIS,Ti2AsW,FiM,predicted,0.541162441390686,216.0,cubic,['W'],0.0,9.449,,4.0
JVASP-119664,JARVIS,Ba6Ca2TaRu3O18,FM,predicted,0.5352732398279313,156.0,trigonal,['Ta'],0.0,6.109,,30.0
JVASP-146578,JARVIS,Li4Mn2TeWO12,FM,predicted,0.5315769330714892,1.0,triclinic,['W'],0.0,5.537,,20.0
JVASP-105533,JARVIS,CePt4Rh,FM,predicted,0.5271493615696146,187.0,hexagonal,['Pt'],0.0,15.38,,6.0
JVASP-154922,JARVIS,Ta3VS6,FM,predicted,0.5258015906999636,182.0,hexagonal,['Ta'],0.0,7.386,,20.0
JVASP-137710,JARVIS,Mg2GaW3S8,FM,predicted,0.5251416637802875,160.0,trigonal,['W'],0.0,5.718,,14.0
JVASP-170051,JARVIS,V3P4WO20,FiM,predicted,0.5249588660157142,3.0,monoclinic,['W'],0.0,4.125,,28.0
JVASP-78689,JARVIS,CeBiPd,FiM,predicted,0.5193688496527107,216.0,cubic,['Bi'],0.0,9.431,,3.0
JVASP-154241,JARVIS,Fe2Si2BiHO9,FM,predicted,0.5169270668559977,8.0,monoclinic,['Bi'],0.0,5.134,,15.0
JVASP-40828,JARVIS,VSnPt,FM,predicted,0.5152708339737182,216.0,cubic,['Pt'],0.0,10.326,,3.0
JVASP-45911,JARVIS,Li4Fe2TeWO12,FM,predicted,0.5147639079127815,1.0,triclinic,['W'],0.0,5.621,,20.0
JVASP-121781,JARVIS,Li7Mn3W2O16,FM,predicted,0.5132079610663244,8.0,monoclinic,['W'],0.0,5.01,,28.0
JVASP-141111,JARVIS,Ta3Cr5N4,FiM,predicted,0.5123775472729738,99.0,tetragonal,['Ta'],0.0,10.991,,12.0
JVASP-122421,JARVIS,Ta3CrS6,FM,predicted,0.5073983327940781,182.0,hexagonal,['Ta'],0.0,7.464,,20.0
oqmd-10948,OQMD,Bi1 Ni1 Sc1,FM,predicted,0.5061764850076285,216.0,cubic,['Bi'],0.0,,61.1492,3.0
JVASP-154757,JARVIS,Ta3MnS6,FM,predicted,0.5050570426698658,182.0,hexagonal,['Ta'],0.0,7.277,,20.0
JVASP-144216,JARVIS,Mg2V3WS8,FM,predicted,0.5046180208768389,8.0,monoclinic,['W'],0.0,4.177,,14.0
JVASP-170357,JARVIS,SrTiFe3Bi3O12,FM,predicted,0.49767625029179396,146.0,trigonal,['Bi'],0.0,7.968,,20.0
JVASP-112294,JARVIS,Ta3VSe6,FM,predicted,0.4970732958718186,182.0,hexagonal,['Ta'],0.0,8.75,,20.0
JVASP-141620,JARVIS,LiVTe2WO12,FM,predicted,0.49373704882415353,1.0,triclinic,['W'],0.0,5.903,,17.0
JVASP-9895,JARVIS,Mg2FeWO6,FM,predicted,0.4925781911308281,146.0,trigonal,['W'],0.0,5.933,,10.0
JVASP-119817,JARVIS,Ce4Re6O19,FiM,predicted,0.4907038281995043,197.0,cubic,['Re'],0.0,9.178,,29.0
JVASP-107771,JARVIS,Ce2Al6CuAu,FM,predicted,0.490566091613721,99.0,tetragonal,['Au'],0.0,5.922,,10.0
JVASP-133069,JARVIS,KW3O9,FM,predicted,0.4889478840189582,183.0,hexagonal,['W'],0.0,6.521,,13.0
JVASP-177484,JARVIS,TiFe3Bi3PbO12,FM,predicted,0.4879538934251483,1.0,triclinic,['Bi'],0.0,7.551,,20.0
JVASP-170733,JARVIS,BaTiFe3Bi3O12,FM,predicted,0.48792289047058396,146.0,trigonal,['Bi'],0.0,8.098,,20.0
JVASP-170760,JARVIS,Yb2Ba3SrRe2O12,FM,predicted,0.48656286453479697,160.0,trigonal,['Re'],0.0,8.035,,20.0
JVASP-93774,JARVIS,UIrPt4,FM,predicted,0.4860370232559937,216.0,cubic,"['Ir', 'Pt']",0.0,19.369,,6.0
oqmd-18757,OQMD,Bi1 Li1 Mg1,FiM,predicted,0.4855605698234133,216.0,cubic,['Bi'],0.0,,78.2761,3.0
JVASP-150441,JARVIS,USnIr,FiM,predicted,0.4848660370316364,189.0,hexagonal,['Ir'],0.0,14.226,,9.0
JVASP-116651,JARVIS,Sr3Y2FeCu3BiO12,FM,predicted,0.48271435205375385,38.0,orthorhombic,['Bi'],0.0,6.271,,22.0
JVASP-15904,JARVIS,MnSbIr,FiM,predicted,0.4822128052484855,216.0,cubic,['Ir'],0.0,10.713,,3.0
JVASP-103665,JARVIS,YbMn2BiSb,FiM,predicted,0.48188386114586657,156.0,trigonal,['Bi'],0.0,8.01,,5.0
JVASP-108948,JARVIS,Ce3Mg2InAu3,FiM,predicted,0.4787258102261824,38.0,orthorhombic,['Au'],0.0,9.025,,9.0
JVASP-145357,JARVIS,SrCa3IrO6,FM,predicted,0.4771416145442559,5.0,monoclinic,['Ir'],0.0,5.577,,22.0
JVASP-94338,JARVIS,PuPt5,FM,predicted,0.4757571655396203,216.0,cubic,['Pt'],0.0,19.32,,6.0
JVASP-31907,JARVIS,OsSe2Cl12,FM,predicted,0.4705416683367878,43.0,orthorhombic,['Os'],0.0,3.382,,30.0
JVASP-17668,JARVIS,NpSnIr,FiM,predicted,0.47022401382879647,189.0,hexagonal,['Ir'],0.0,14.243,,9.0
JVASP-180826,JARVIS,TaMnAs2,FM,predicted,0.46588507153376846,99.0,tetragonal,['Ta'],0.0,10.163,,4.0
JVASP-170555,JARVIS,LaCePt2,FM,predicted,0.4646220826845387,38.0,orthorhombic,['Pt'],0.0,11.26,,4.0
JVASP-142461,JARVIS,Ce4CoSi6Au,FM,predicted,0.4606561576319974,187.0,hexagonal,['Au'],0.0,6.701,,12.0
JVASP-90153,JARVIS,CeCdPt,FM,predicted,0.45975755876956065,189.0,hexagonal,['Pt'],0.0,10.959,,9.0
JVASP-184021,JARVIS,Ti2GaIr,FiM,predicted,0.4590674281088251,216.0,cubic,['Ir'],0.0,9.817,,4.0
JVASP-150169,JARVIS,UGaIr,FiM,predicted,0.45530318269250347,189.0,hexagonal,['Ir'],0.0,14.603,,9.0
JVASP-158638,JARVIS,CeCdAu,FM,predicted,0.4518757125743745,189.0,hexagonal,['Au'],0.0,10.389,,9.0
JVASP-142288,JARVIS,YbSr2TaO6,FM,predicted,0.45148282913218574,34.0,orthorhombic,['Ta'],0.0,7.166,,20.0
JVASP-112707,JARVIS,Ba3BiIrRuO9,FM,predicted,0.44756501566746654,9.0,monoclinic,"['Bi', 'Ir']",0.0,7.621,,30.0
JVASP-116700,JARVIS,Fe22B6W,FiM,predicted,0.44701822443213646,216.0,cubic,['W'],0.0,8.824,,29.0
