material_id,n_atoms,initial_energy_per_atom,final_energy_per_atom,relaxation_energy_per_atom,final_max_force,converged,n_steps,source_database,formula,ordering_final,ordering_source,confidence,energy_above_hull,abs_relax_e
aflow:310a96994cbd0d4f,4,-5.69389533996582,-5.69389533996582,0.0,1.1185189805473783e-06,True,0,AFLOW,Fe1Pt2Te1,FM,predicted,0.9381653967097416,,0.0
aflow:4ed4234bf7a26131,4,-6.169906139373779,-6.169906139373779,0.0,3.3058628901017073e-07,True,0,AFLOW,Fe2Pt1Te1,FM,predicted,0.9381653967097416,,0.0
aflow:2d6333d596121996,4,-6.285523414611816,-6.285523414611816,0.0,1.4199063116393518e-06,True,0,AFLOW,Fe1Pd2Pt1,FM,predicted,0.9128808592981328,,0.0
aflow:34c1e89fdf335bfd,4,-7.061105728149414,-7.061105728149414,0.0,1.40662154990423e-06,True,0,AFLOW,Fe2Pd1Pt1,FM,predicted,0.9128808592981328,,0.0
aflow:f32014bde71cbad4,4,-5.622110843658447,-5.622110843658447,0.0,1.7195225154864602e-07,True,0,AFLOW,Fe1Hg1Rh2,FM,predicted,0.9085227867912916,,0.0
aflow:4778bcb53511fb92,4,-3.7417960166931152,-3.7417960166931152,0.0,5.426354050541704e-07,True,0,AFLOW,Fe1Hg2Rh1,FM,predicted,0.9085227867912916,,0.0
aflow:1b0bf0a7b04b232f,4,-5.864231109619141,-5.864231109619141,0.0,8.468930445815204e-08,True,0,AFLOW,Fe2Hg1Rh1,FM,predicted,0.9085227867912916,,0.0
aflow:efc18ed258b94d80,4,-6.116755962371826,-6.116755962371826,0.0,5.298906557982264e-07,True,0,AFLOW,Fe1Pt2Sb1,FM,predicted,0.9073819516121122,,0.0
aflow:24163a3fcb2b0c3d,4,-6.653082847595215,-6.653082847595215,0.0,2.051498455557521e-07,True,0,AFLOW,Fe2Pt1Sb1,FM,predicted,0.9073819516121122,,0.0
aflow:90f58d6099b5cec2,4,-6.205146312713623,-6.205146312713623,0.0,1.5015523331385339e-06,True,0,AFLOW,Fe1Pt2Sn1,FM,predicted,0.9045375788891094,,0.0
aflow:35c1354bfe48d3f2,4,-6.716755390167236,-6.716755390167236,0.0,1.1587441122173914e-06,True,0,AFLOW,Fe2Pt1Sn1,FM,predicted,0.9045375788891094,,0.0
aflow:766f5945b314571c,4,-5.068652153015137,-5.068652153015137,0.0,5.299674512571073e-07,True,0,AFLOW,Fe1Hg1Pt2,FM,predicted,0.8987978369313016,,0.0
aflow:4444c76a68d3e384,4,-3.4689345359802246,-3.4689345359802246,0.0,1.170616314993822e-06,True,0,AFLOW,Fe1Hg2Pt1,FM,predicted,0.8987978369313016,,0.0
aflow:0791b3e88f43eac9,4,-5.557374954223633,-5.557374954223633,0.0,1.357431642645679e-06,True,0,AFLOW,Fe2Hg1Pt1,FM,predicted,0.8987978369313016,,0.0
aflow:3fa71c6140f476b3,4,-7.316058158874512,-7.316058158874512,0.0,1.537883122182393e-06,True,0,AFLOW,Fe1Ir1Pt2,FM,predicted,0.8954864930313298,,0.0
aflow:e19572079e128dcd,4,-8.004652976989746,-8.004652976989746,0.0,1.817436100282066e-06,True,0,AFLOW,Fe1Ir2Pt1,FM,predicted,0.8954864930313298,,0.0
aflow:0cf1506b4ad6797d,4,-10.469722747802734,-10.469722747802734,0.0,3.7615589008055395e-06,True,0,AFLOW,Fe1Nb1Ta2,FiM,predicted,0.8939270172716555,,0.0
aflow:772b6395e35e54c6,4,-10.046228408813477,-10.046228408813477,0.0,2.0817537915718276e-06,True,0,AFLOW,Fe1Nb2Ta1,FiM,predicted,0.8939270172716555,,0.0
aflow:c2a5671731157ac3,4,-9.644682884216309,-9.644682884216309,0.0,1.5871693221924943e-06,True,0,AFLOW,Fe2Nb1Ta1,FiM,predicted,0.8939270172716555,,0.0
aflow:502c549b7ef3314f,4,-7.0522356033325195,-7.0522356033325195,0.0,1.116780254051264e-06,True,0,AFLOW,Fe1Pt2Rh1,FM,predicted,0.8934281651469111,,0.0
aflow:5d33619f304426bc,4,-7.6275224685668945,-7.6275224685668945,0.0,1.168405788121163e-06,True,0,AFLOW,Fe2Pt1Rh1,FM,predicted,0.8934281651469111,,0.0
aflow:ebbb3bced57fc6bf,4,-4.777096271514893,-4.777096271514893,0.0,8.901157855234487e-08,True,0,AFLOW,Fe1Hg1Ni2,FM,predicted,0.8911280026782149,,0.0
aflow:1188084a912c62a4,4,-3.231083869934082,-3.231083869934082,0.0,5.866609740223794e-07,True,0,AFLOW,Fe1Hg2Ni1,FM,predicted,0.8911280026782149,,0.0
aflow:fb0a8360507c3c75,4,-5.4290947914123535,-5.4290947914123535,0.0,6.005045634083217e-07,True,0,AFLOW,Fe2Hg1Ni1,FM,predicted,0.8911280026782149,,0.0
aflow:993f238b5271eef3,4,-9.95011043548584,-9.95011043548584,0.0,2.1802093215228524e-06,True,0,AFLOW,Fe1Ta2Ti1,FiM,predicted,0.8852913470076837,,0.0
aflow:eac03042c42f6d40,4,-6.735757827758789,-6.735757827758789,0.0,6.508822707473882e-07,True,0,AFLOW,Fe2Ir1Te1,FM,predicted,0.8811365965327285,,0.0
aflow:26d74a10904adaec,4,-6.693277835845947,-6.693277835845947,0.0,1.0574880207059323e-06,True,0,AFLOW,Fe2Ga1Pt1,FM,predicted,0.8806086538393029,,0.0
aflow:9fc422c2abea852f,4,-6.6449809074401855,-6.6449809074401855,0.0,1.1050761941078235e-06,True,0,AFLOW,Fe1Ni1Pt2,FM,predicted,0.8719801251162481,,0.0
aflow:886cfa4688b18ad3,4,-6.543634414672852,-6.543634414672852,0.0,8.715356898392201e-07,True,0,AFLOW,Fe1Ni2Pt1,FM,predicted,0.8719801251162481,,0.0
aflow:ac3c5658af6c71f1,4,-7.239326477050781,-7.239326477050781,0.0,1.5139147535592201e-06,True,0,AFLOW,Fe2Ni1Pt1,FM,predicted,0.8719801251162481,,0.0
aflow:d6afd9fd3af3e069,4,-4.416661739349365,-4.416661739349365,0.0,6.119626618783514e-07,True,0,AFLOW,Fe1Pt1Zn2,FM,predicted,0.8686572967604993,,0.0
aflow:88f68997cfc0034e,4,-5.610379695892334,-5.610379695892334,0.0,1.1685297067742795e-06,True,0,AFLOW,Fe1Pt2Zn1,FM,predicted,0.8686572967604993,,0.0
aflow:a92b05efdb7421d3,4,-6.207523345947266,-6.207523345947266,0.0,3.2704642762837466e-06,True,0,AFLOW,Fe2Pt1Zn1,FM,predicted,0.8686572967604993,,0.0
aflow:2ffde887432bf0f1,4,-10.196335792541504,-10.196335792541504,0.0,3.6114452086621895e-06,True,0,AFLOW,Fe1Mn1Ta2,FiM,predicted,0.8667503313776931,,0.0
aflow:54305c555557d633,4,-9.735878944396973,-9.735878944396973,0.0,1.3752079439655063e-06,True,0,AFLOW,Fe1Mn2Ta1,FiM,predicted,0.8667503313776931,,0.0
aflow:e84df8a6b32d8b6e,4,-10.269126892089844,-10.269126892089844,0.0,3.2233342608378734e-06,True,0,AFLOW,Fe1Ta2V1,FiM,predicted,0.8653080674991089,,0.0
aflow:3651662af23ee4d5,4,-9.576667785644531,-9.576667785644531,0.0,2.6866491680266336e-06,True,0,AFLOW,Fe2Ta1V1,FiM,predicted,0.8653080674991089,,0.0
aflow:35619b063d8e3263,4,-6.6382012367248535,-6.6382012367248535,0.0,2.2731703666067915e-06,True,0,AFLOW,Fe1Pt2Si1,FM,predicted,0.852414666956466,,0.0
aflow:d4995179f42cffd5,4,-7.332749843597412,-7.332749843597412,0.0,4.198538135824492e-06,True,0,AFLOW,Fe2Pt1Si1,FM,predicted,0.852414666956466,,0.0
aflow:741729c8cba8faf7,4,-4.7104949951171875,-4.7104949951171875,0.0,8.274778195982435e-08,True,0,AFLOW,Fe1Hg1Pd2,FM,predicted,0.8514152402307625,,0.0
aflow:da57c33c1ad016a1,4,-3.2905657291412354,-3.2905657291412354,0.0,7.577611427223019e-07,True,0,AFLOW,Fe1Hg2Pd1,FM,predicted,0.8514152402307625,,0.0
aflow:06ce6e36e05cd2d0,4,-5.371536731719971,-5.371536731719971,0.0,9.084838836770359e-08,True,0,AFLOW,Fe2Hg1Pd1,FM,predicted,0.8514152402307625,,0.0
aflow:a34d5bc34db164e3,4,-11.248785972595215,-11.248785972595215,0.0,4.957430519425543e-06,True,0,AFLOW,Fe1Re1Ta2,FiM,predicted,0.8503563765047107,,0.0
aflow:dcab34eb6d3e76fd,4,-11.426913261413574,-11.426913261413574,0.0,2.409763965260936e-06,True,0,AFLOW,Fe1Re2Ta1,FiM,predicted,0.8503563765047107,,0.0
aflow:d3b99bcea1da61d0,4,-10.359245300292969,-10.359245300292969,0.0,4.105532127596234e-07,True,0,AFLOW,Fe2Re1Ta1,FiM,predicted,0.8503563765047107,,0.0
aflow:58b9970285f23508,4,-8.692727088928223,-8.692727088928223,0.0,1.509774619989912e-06,True,0,AFLOW,Fe1Te1W2,FM,predicted,0.8484288527917762,,0.0
aflow:6cccff57fe42b794,4,-7.66342830657959,-7.66342830657959,0.0,4.559135788895219e-07,True,0,AFLOW,Fe2Te1W1,FM,predicted,0.8484288527917762,,0.0
aflow:f89256002ef87704,4,-10.316160202026367,-10.316160202026367,0.0,2.0282446655528474e-07,True,0,AFLOW,Fe1Nb2Re1,FiM,predicted,0.8430907927989668,,0.0
aflow:83463f14e23eaf91,4,-2.4763894081115723,-2.4763894081115723,0.0,3.940951955883065e-07,True,0,AFLOW,Fe1Hg2In1,FM,predicted,0.8415117930172741,,0.0
aflow:6654c208ddf52a23,4,-4.4738569259643555,-4.4738569259643555,0.0,3.726716499841132e-07,True,0,AFLOW,Fe2Hg1In1,FM,predicted,0.8415117930172741,,0.0
aflow:3291344e4312311d,4,-7.107932090759277,-7.107932090759277,0.0,1.6222666090470739e-06,True,0,AFLOW,Fe2P1Pt1,FM,predicted,0.8399653099342822,,0.0
aflow:93e44e5132318e0a,4,-2.5530428886413574,-2.5530428886413574,0.0,1.4826958931735135e-06,True,0,AFLOW,Fe1Ga1Hg2,FM,predicted,0.8323082835828807,,0.0
aflow:e244519c564040d6,4,-4.682211399078369,-4.682211399078369,0.0,2.17819305703415e-07,True,0,AFLOW,Fe2Ga1Hg1,FM,predicted,0.8323082835828807,,0.0
aflow:4dc50f831788131c,4,-5.7183003425598145,-5.7183003425598145,0.0,1.4586136103389435e-06,True,0,AFLOW,Fe1Ta1Zn2,FiM,predicted,0.8316955118861961,,0.0
aflow:00af0681e4303f6f,4,-8.24481201171875,-8.24481201171875,0.0,2.0326504568402015e-07,True,0,AFLOW,Fe1Ta2Zn1,FiM,predicted,0.8316955118861961,,0.0
aflow:14b0d98c140eede4,4,-7.511855602264404,-7.511855602264404,0.0,1.6382932699343655e-06,True,0,AFLOW,Fe2Ta1Zn1,FiM,predicted,0.8316955118861961,,0.0
aflow:1535b03581d67574,4,-2.640637159347534,-2.640637159347534,0.0,7.370200023615325e-07,True,0,AFLOW,Fe1Hg2Se1,FM,predicted,0.8315966604423898,,0.0
aflow:b80c530e2d3abbc2,4,-6.131619453430176,-6.131619453430176,0.0,2.611292757137562e-06,True,0,AFLOW,Fe1Hg1Ir2,FM,predicted,0.8279262758476864,,0.0
aflow:60f87577ec871158,4,-3.923919677734375,-3.923919677734375,0.0,2.2243517605602392e-07,True,0,AFLOW,Fe1Hg2Ir1,FM,predicted,0.8279262758476864,,0.0
aflow:6c9a23ac9b591c10,4,-6.088254928588867,-6.088254928588867,0.0,8.72603663992777e-07,True,0,AFLOW,Fe2Hg1Ir1,FM,predicted,0.8279262758476864,,0.0
aflow:8550a26123e876af,4,-7.966014862060547,-7.966014862060547,0.0,1.901875918974838e-07,True,0,AFLOW,Fe1Ir1Rh2,FM,predicted,0.8244231010215084,,0.0
aflow:e2bdd23f2bceb593,4,-5.808651924133301,-5.808651924133301,0.0,7.620441238032072e-07,True,0,AFLOW,Fe1Pt2Se1,FM,predicted,0.8244083418433876,,0.0
aflow:308633df34af2f27,4,-6.361771583557129,-6.361771583557129,0.0,1.2214906064400566e-06,True,0,AFLOW,Fe2Pt1Se1,FM,predicted,0.8244083418433876,,0.0
aflow:426a8d8d4d25e458,4,-10.404366493225098,-10.404366493225098,0.0,4.687136879510945e-06,True,0,AFLOW,Fe1Hf1Ta2,FiM,predicted,0.8195183104362874,,0.0
aflow:0b5a22aa0d39a5f3,4,-9.869643211364746,-9.869643211364746,0.0,3.586725370041677e-06,True,0,AFLOW,Fe1Hf2Ta1,FiM,predicted,0.8195183104362874,,0.0
aflow:07931da0ae15a505,4,-9.539185523986816,-9.539185523986816,0.0,1.2836537734983722e-06,True,0,AFLOW,Fe2Hf1Ta1,FiM,predicted,0.8195183104362874,,0.0
aflow:85176da375bfa08f,4,-10.741707801818848,-10.741707801818848,0.0,1.810907548360774e-07,True,0,AFLOW,Fe1Ta2Tc1,FiM,predicted,0.8191668934354948,,0.0
aflow:0ef3799e785c0240,4,-9.877599716186523,-9.877599716186523,0.0,1.5958080723521562e-07,True,0,AFLOW,Fe2Ta1Tc1,FiM,predicted,0.8191668934354948,,0.0
aflow:1e3f38461325663f,4,-7.329666614532471,-7.329666614532471,0.0,3.4245536539856403e-07,True,0,AFLOW,Fe1Ir2Sb1,FM,predicted,0.819117995827669,,0.0
aflow:b5f1de8cb31be43c,4,-7.320010662078857,-7.320010662078857,0.0,1.477180688880253e-07,True,0,AFLOW,Fe2Ir1Sb1,FM,predicted,0.819117995827669,,0.0
aflow:4dda5f8b9bee6d50,4,-4.0651326179504395,-4.0651326179504395,0.0,2.4304372345795855e-06,True,0,AFLOW,Fe1Hg2Tc1,FM,predicted,0.8144452668740786,,0.0
aflow:74fce0367747294f,4,-6.290585041046143,-6.290585041046143,0.0,1.7926270174939418e-06,True,0,AFLOW,Fe2Hg1Tc1,FM,predicted,0.8144452668740786,,0.0
aflow:58144dc735aeb8ad,4,-7.789642333984375,-7.789642333984375,0.0,2.1244918571028393e-06,True,0,AFLOW,Fe1Os1Pt2,FM,predicted,0.8143059649809432,,0.0
aflow:2c6517753f2f41a2,4,-9.025365829467773,-9.025365829467773,0.0,4.269473720341921e-06,True,0,AFLOW,Fe1Os2Pt1,FM,predicted,0.8143059649809432,,0.0
aflow:8e6755f2db89baee,4,-8.381367683410645,-8.381367683410645,0.0,2.6603473202158057e-07,True,0,AFLOW,Fe2Os1Pt1,FM,predicted,0.8143059649809432,,0.0
aflow:97503dc762c13b51,4,-9.973610877990723,-9.973610877990723,0.0,1.3984042652737116e-06,True,0,AFLOW,Fe1Ta2Zr1,FiM,predicted,0.8142505061253933,,0.0
aflow:3b21f9465da1f56c,4,-6.820806503295898,-6.820806503295898,0.0,1.0004966810583937e-07,True,0,AFLOW,Fe1Ir1Pd2,FM,predicted,0.8107501323805754,,0.0
aflow:01192b345d3126d2,4,-7.7111358642578125,-7.7111358642578125,0.0,2.0234576822986128e-06,True,0,AFLOW,Fe1Ir2Pd1,FM,predicted,0.8107501323805754,,0.0
aflow:e35ba74e33ca33b5,4,-2.5463781356811523,-2.5463781356811523,0.0,1.109956542677537e-06,True,0,AFLOW,Fe1Hg1Zn2,FM,predicted,0.803418310277432,,0.0
aflow:948c999f7bb0b4a1,4,-4.293763637542725,-4.293763637542725,0.0,1.334424268861767e-06,True,0,AFLOW,Fe2Hg1Zn1,FM,predicted,0.803418310277432,,0.0
aflow:46a66834e75e5c4b,4,-7.322358131408691,-7.322358131408691,0.0,1.1361843235135893e-06,True,0,AFLOW,Fe1Ga1Ir2,FM,predicted,0.7973432480366984,,0.0
aflow:3bf702b89be09a23,4,-7.336397171020508,-7.336397171020508,0.0,8.092844723250892e-07,True,0,AFLOW,Fe2Ga1Ir1,FM,predicted,0.7973432480366984,,0.0
aflow:08791301a90f38c7,4,-5.91263484954834,-5.91263484954834,0.0,2.3532629711553454e-06,True,0,AFLOW,Fe1In1Pt2,FM,predicted,0.7932512493016813,,0.0
aflow:60b793d5471f359d,4,-6.396477222442627,-6.396477222442627,0.0,1.2627995715774887e-07,True,0,AFLOW,Fe2In1Pt1,FM,predicted,0.7932512493016813,,0.0
aflow:1c07465c635b7312,4,-6.882307529449463,-6.882307529449463,0.0,4.2988622794837283e-07,True,0,AFLOW,Fe2Ir1Se1,FM,predicted,0.7897614264997335,,0.0
aflow:74fa82f53c721bcf,4,-5.9255876541137695,-5.9255876541137695,0.0,9.731996897244244e-07,True,0,AFLOW,Fe1Pb1Pt2,FM,predicted,0.7893341890439765,,0.0
aflow:7ff1d6750e9c1737,4,-7.79115629196167,-7.79115629196167,0.0,3.3047311376321886e-07,True,0,AFLOW,Fe1Hg1Re2,FM,predicted,0.7786830499380268,,0.0
aflow:a220a30ca5613d5f,4,-4.397299766540527,-4.397299766540527,0.0,2.519763881991821e-07,True,0,AFLOW,Fe1Hg2Re1,FM,predicted,0.7786830499380268,,0.0
aflow:633464f0e1703785,4,-6.655543327331543,-6.655543327331543,0.0,3.1614877116226126e-06,True,0,AFLOW,Fe2Hg1Re1,FM,predicted,0.7786830499380268,,0.0
aflow:f7920f6b0e26e3c7,4,-8.464219093322754,-8.464219093322754,0.0,1.0435204700343093e-07,True,0,AFLOW,Fe1Pb1Re2,FM,predicted,0.7784452575932235,,0.0
aflow:f270c18def2a4faf,4,-7.457369804382324,-7.457369804382324,0.0,2.399315462753293e-06,True,0,AFLOW,Fe2Pb1Re1,FM,predicted,0.7784452575932235,,0.0
aflow:7213ea0a13770faf,4,-6.324236869812012,-6.324236869812012,0.0,1.2945474736625329e-06,True,0,AFLOW,Fe1Hg1Ru2,FM,predicted,0.7780454616675776,,0.0
aflow:23d60f6ba3b12d5a,4,-2.837813138961792,-2.837813138961792,0.0,1.0991329872922506e-06,True,0,AFLOW,Fe1Ge1Hg2,FM,predicted,0.7772754341096179,,0.0
aflow:7c4cf9d1196d83f1,4,-7.699071407318115,-7.699071407318115,0.0,8.353064231414464e-07,True,0,AFLOW,Fe1Os2Te1,FM,predicted,0.7743961980148901,,0.0
aflow:3cc76e00112b37be,4,-9.080423355102539,-9.080423355102539,0.0,1.1047923180740327e-06,True,0,AFLOW,Fe1Sb1W2,FM,predicted,0.7725473857770275,,0.0
aflow:173e9ada49a068d8,4,-8.065085411071777,-8.065085411071777,0.0,4.313498038754915e-07,True,0,AFLOW,Fe2Sb1W1,FM,predicted,0.7725473857770275,,0.0
aflow:e2f8faf6b6994c32,4,-6.770814895629883,-6.770814895629883,0.0,2.400463017693255e-06,True,0,AFLOW,Fe1Ir2Zn1,FM,predicted,0.7720215427758926,,0.0
JVASP-160005,4,-6.28265380859375,-6.28265380859375,0.0,2.52508107223548e-06,True,0,JARVIS,FePd2Pt,FM,predicted,0.8672832073897847,2.3389,0.0
JVASP-156355,3,-7.2362855275472,-7.2362855275472,0.0,1.0365749858465279e-07,True,0,JARVIS,FeGeIr,FM,predicted,0.8358773293543869,2.5902,0.0
JVASP-17654,3,-6.2576751708984375,-6.2576751708984375,0.0,8.285725243695197e-07,True,0,JARVIS,MnGaPt,FM,predicted,0.804429250732025,1.8573,0.0
JVASP-110261,2,-7.953130722045898,-7.953130722045898,0.0,1.1770114838327572e-07,True,0,JARVIS,CoIr,FM,predicted,0.7896027907022449,2.6402,0.0
JVASP-51167,3,-9.727593739827475,-9.727593739827475,0.0,2.1083671697397222e-07,True,0,JARVIS,MnCrRe,FiM,predicted,0.7863412122942522,4.949,0.0
JVASP-179796,3,-6.869270324707031,-6.869270324707031,0.0,8.781377800914925e-06,True,0,JARVIS,TiBiO,FM,predicted,0.7862432941993998,1.6012,0.0
JVASP-136006,3,-3.549760182698568,-3.549760182698568,0.0,2.8595104595297016e-05,True,0,JARVIS,BiClO,FM,predicted,0.7850724514436855,0.9666,0.0
JVASP-160013,4,-5.078196048736572,-5.078196048736572,0.0,7.270305104611907e-07,True,0,JARVIS,MnCu2Au,FM,predicted,0.7713676423617479,0.9735,0.0
JVASP-114449,3,-3.93461545308431,-3.93461545308431,0.0,1.6432713891845196e-05,True,0,JARVIS,BaAuO,FM,predicted,0.769619840144477,0.6327,0.0
JVASP-15663,3,-5.493483861287435,-5.493483861287435,0.0,1.4056713553145528e-06,True,0,JARVIS,MnSbAu,FM,predicted,0.7692316271657641,1.9071,0.0
JVASP-8508,3,-5.476280212402344,-5.476280212402344,0.0,1.9735000478249276e-06,True,0,JARVIS,MnSnAu,FM,predicted,0.7617195092371244,1.5157,0.0
mp-1520073,10,-6.088571929931641,-6.088571929931641,0.0,0.003986626863479614,True,0,MaterialsProject,SrCaFeBiO6,FM,ground_truth,1.0,0.0894979431499969,0.0
JVASP-68948,6,-1.7131481170654297,-1.7131638526916504,1.5735626220703125e-05,0.04642920568585396,True,1,JARVIS,BaFeHg4,FiM,predicted,0.6594374471600157,0.0,1.5735626220703125e-05
JVASP-66270,6,-3.0537471771240234,-3.0537646611531577,1.7484029134114582e-05,0.04793757200241089,True,1,JARVIS,Ba4ScTa,FiM,predicted,0.718913420273148,1.7378,1.7484029134114582e-05
mp-22972,9,-5.306124369303386,-5.306155734592014,3.136528862847222e-05,0.04905612766742706,True,2,MaterialsProject,Tb6FeBi2,FiM,ground_truth,1.0,0.0121223229320994,3.136528862847222e-05
JVASP-99586,4,-6.785694599151611,-6.785755157470703,6.0558319091796875e-05,0.04904903471469879,True,2,JARVIS,Co3Pt,FM,predicted,0.7175980169588966,3.1245,6.0558319091796875e-05
JVASP-166354,12,-9.005973815917969,-9.006064097086588,9.028116861979167e-05,0.03862273693084717,True,4,JARVIS,Zr3TaFe8,FiM,predicted,0.8131607409006751,4.7679,9.028116861979167e-05
mp-1519427,10,-6.104160308837891,-6.104278945922852,0.0001186370849609375,0.03383690118789673,True,2,MaterialsProject,BaCaFeBiO6,FM,ground_truth,1.0,0.0946119809999954,0.0001186370849609375
JVASP-103069,6,-3.957150141398112,-3.957439104715983,0.00028896331787109375,0.045221440494060516,True,4,JARVIS,MnHg2S3,FM,predicted,0.7478619246943257,1.1863,0.00028896331787109375
JVASP-121617,12,-9.40441640218099,-9.40472666422526,0.0003102620442708333,0.04252254217863083,True,4,JARVIS,Hf3TaFe8,FiM,predicted,0.8333149946310316,5.1222,0.0003102620442708333
mp-861559,36,-8.490456475151909,-8.490801493326822,0.00034501817491319444,0.03828776627779007,True,6,MaterialsProject,TaFeO4,FM,ground_truth,1.0,0.0335178038888877,0.00034501817491319444
mp-1228376,30,-6.857527669270834,-6.857879638671875,0.00035196940104166666,0.036774247884750366,True,13,MaterialsProject,Ba3Fe2WO9,FM,ground_truth,1.0,0.0,0.00035196940104166666
mp-1217946,18,-8.492083231608072,-8.49244605170356,0.0003628200954861111,0.04643900692462921,True,9,MaterialsProject,TaFeO4,FM,ground_truth,1.0,0.0304656174999973,0.0003628200954861111
JVASP-64051,6,-3.1276429494222007,-3.128037134806315,0.0003941853841145833,0.034163232892751694,True,4,JARVIS,Ba4TaTi,FiM,predicted,0.7546706365011647,2.0118,0.0003941853841145833
mp-1043970,40,-8.279769134521484,-8.280168151855468,0.000399017333984375,0.04587693139910698,True,4,MaterialsProject,CaLaTaFeO6,FM,ground_truth,1.0,0.0,0.000399017333984375
JVASP-155371,8,-4.23274040222168,-4.233152866363525,0.0004124641418457031,0.044146426022052765,True,4,JARVIS,CrCu2HgSe4,FM,predicted,0.8813088106461622,1.1172,0.0004124641418457031
mp-1522159,10,-6.132959365844727,-6.1333869934082035,0.0004276275634765625,0.027667313814163208,True,3,MaterialsProject,BaSrFeBiO6,FM,ground_truth,1.0,0.0190730749999925,0.0004276275634765625
mp-769471,36,-7.09357664320204,-7.094008975558811,0.0004323323567708333,0.048334911465644836,True,10,MaterialsProject,Fe3Co2P6WO24,FM,ground_truth,1.0,0.0759752407407114,0.0004323323567708333
mp-1047414,20,-6.1563255310058596,-6.156767654418945,0.0004421234130859375,0.047831274569034576,True,11,MaterialsProject,Zn2FeWO6,FM,ground_truth,1.0,0.0587760704999995,0.0004421234130859375
mp-1301722,19,-7.006878501490543,-7.007335462068257,0.00045696057771381577,0.030897006392478943,True,11,MaterialsProject,Ca3Fe2(WO6)2,FM,ground_truth,1.0,0.0891206168421074,0.00045696057771381577
mp-551086,20,-6.5291282653808596,-6.529589080810547,0.0004608154296875,0.044339489191770554,True,9,MaterialsProject,CrFe(BiO3)2,FiM,ground_truth,1.0,0.0158680090000009,0.0004608154296875
mp-1173139,54,-9.125870316116899,-9.126335426613137,0.0004651104962384259,0.04150647297501564,True,11,MaterialsProject,Ta2FeO6,FM,ground_truth,1.0,0.0092876262963663,0.0004651104962384259
mp-850225,34,-7.3776240629308365,-7.378123563878677,0.0004995009478400735,0.04026459529995918,True,10,MaterialsProject,FeP6(WO8)3,FM,ground_truth,1.0,0.0,0.0004995009478400735
JVASP-103740,10,-6.729083251953125,-6.729582977294922,0.000499725341796875,0.025522898882627487,True,4,JARVIS,SrMn2BiO6,FM,predicted,0.7721349499338603,2.5806,0.000499725341796875
mp-1216981,10,-6.914883422851562,-6.915383148193359,0.000499725341796875,0.047703444957733154,True,9,MaterialsProject,TiFeBiPbO6,FM,ground_truth,1.0,0.0256992462031231,0.000499725341796875
JVASP-94227,8,-2.5886573791503906,-2.589168071746826,0.0005106925964355469,0.0326850563287735,True,5,JARVIS,Mg6FeBi,FM,predicted,0.5481731732979863,0.0018,0.0005106925964355469
mp-755203,40,-6.972472381591797,-6.972987365722656,0.000514984130859375,0.04908580332994461,True,21,MaterialsProject,Li4NbFe(WO6)2,FM,ground_truth,1.0,0.0215649769999979,0.000514984130859375
mp-1173143,54,-9.127286557798032,-9.127842090747974,0.0005555329499421296,0.04968225210905075,True,14,MaterialsProject,Ta2FeO6,FM,ground_truth,1.0,0.0080148887037747,0.0005555329499421296
JVASP-93203,8,-2.6434121131896973,-2.6439695358276367,0.0005574226379394531,0.02996920794248581,True,6,JARVIS,Mg6TiBi,FM,predicted,0.56835165255208,0.0,0.0005574226379394531
JVASP-64219,6,-1.850246747334798,-1.8508059183756511,0.0005591710408528646,0.035572174936532974,True,5,JARVIS,Ba4ScHg,FM,predicted,0.3902973579747972,0.079,0.0005591710408528646
JVASP-99955,4,-4.758217811584473,-4.758783340454102,0.0005655288696289062,0.04189107194542885,True,4,JARVIS,MnHgS2,FM,predicted,0.8313882006472321,1.5256,0.0005655288696289062
JVASP-134564,6,-4.692157745361328,-4.6927798589070635,0.0006221135457356771,0.03311944752931595,True,2,JARVIS,TaClO4,FM,predicted,0.7564750414363436,3.2141,0.0006221135457356771
mp-682554,65,-7.1899578387920675,-7.190602463942308,0.0006446251502403846,0.035706255584955215,True,10,MaterialsProject,FeCu4Re14(Mo3S20)2,FM,ground_truth,1.0,0.0354103421730744,0.0006446251502403846
mp-1343817,18,-7.3837839762369795,-7.384431627061632,0.0006476508246527778,0.04654873535037041,True,8,MaterialsProject,CaFeReO6,FM,ground_truth,1.0,0.0433917513009305,0.0006476508246527778
mp-1228547,45,-9.14029269748264,-9.140962727864583,0.0006700303819444444,0.04477546736598015,True,18,MaterialsProject,Ba4Ta10FeO30,FM,ground_truth,1.0,0.0,0.0006700303819444444
JVASP-155370,8,-4.655474662780762,-4.656147003173828,0.0006723403930664062,0.04619167372584343,True,4,JARVIS,CrCu2HgS4,FM,predicted,0.7515950435828317,1.3906,0.0006723403930664062
mp-1079285,9,-5.304897732204861,-5.305597517225477,0.0006997850206163195,0.046128034591674805,True,8,MaterialsProject,Tb6FeBi2,FM,ground_truth,1.0,0.0191438862654331,0.0006997850206163195
mp-775194,28,-6.6036376953125,-6.604390825544085,0.0007531302315848214,0.04055728763341904,True,6,MaterialsProject,Li2Fe3WO8,FM,ground_truth,1.0,0.0302621514285696,0.0007531302315848214
mp-1197024,56,-5.638801574707031,-5.639619554792132,0.0008179800851004464,0.04688893258571625,True,11,MaterialsProject,FeBi(SeO3)3,FM,ground_truth,1.0,0.0,0.0008179800851004464
JVASP-170091,25,-7.325757446289063,-7.32658935546875,0.0008319091796875,0.04394737631082535,True,11,JARVIS,Ti4FeBiPb4O15,FM,predicted,0.8183352102873639,2.8112,0.0008319091796875
JVASP-134230,6,-4.8708235422770185,-4.87165641784668,0.0008328755696614584,0.009029161185026169,True,5,JARVIS,ZnBiO4,FM,predicted,0.8568509844128432,1.524,0.0008328755696614584
mp-754090,20,-5.995753479003906,-5.996610260009765,0.000856781005859375,0.04650616645812988,True,12,MaterialsProject,Li4Fe2TeWO12,FM,ground_truth,1.0,0.0850790994500023,0.000856781005859375
mp-1218521,12,-7.437988917032878,-7.438897450764974,0.0009085337320963541,0.04048082232475281,True,19,MaterialsProject,Sr3TaFeO7,FM,ground_truth,1.0,0.0371952941666755,0.0009085337320963541
mp-1217456,25,-7.332352905273438,-7.33328369140625,0.0009307861328125,0.037834618240594864,True,11,MaterialsProject,Ti4FeBiPb4O15,FM,ground_truth,1.0,0.0149551936812573,0.0009307861328125
mp-1289779,20,-7.807125854492187,-7.8080810546875,0.0009552001953125,0.04972071200609207,True,12,MaterialsProject,Mn2FeReO6,FiM,ground_truth,1.0,0.0799647790357145,0.0009552001953125
mp-1047202,10,-6.794486236572266,-6.7954460144042965,0.00095977783203125,0.04830232635140419,True,11,MaterialsProject,Mg2FeWO6,FM,ground_truth,1.0,0.0053125554999997,0.00095977783203125
mp-1222691,19,-6.057754918148643,-6.058739913137336,0.0009849949886924342,0.04432608559727669,True,11,MaterialsProject,Li5Fe2(IrO5)2,FM,ground_truth,1.0,0.0190574846578908,0.0009849949886924342
JVASP-141943,23,-7.507753455120584,-7.508785081946331,0.0010316268257472825,0.04251207783818245,True,14,JARVIS,Ba3TaFe3Si2O14,FM,predicted,0.7599649819006509,3.0031,0.0010316268257472825
mp-1218840,11,-5.997326937588778,-5.998365922407671,0.0010389848188920455,0.04557771235704422,True,10,MaterialsProject,Sr2FeBiPbO6,FM,ground_truth,1.0,0.0937815261931778,0.0010389848188920455
mp-39933,24,-8.488279342651367,-8.489320119222006,0.0010407765706380208,0.0219331793487072,True,14,MaterialsProject,TaFeO4,FM,ground_truth,1.0,0.0420212720833319,0.0010407765706380208
mp-1225377,13,-7.541046729454627,-7.542113670935998,0.0010669414813701923,0.048102766275405884,True,5,MaterialsProject,Eu2FeP3Pt7,FM,ground_truth,1.0,0.0,0.0010669414813701923
mp-776005,20,-5.514651870727539,-5.515719985961914,0.001068115234375,0.044905781745910645,True,14,MaterialsProject,Li4FeBi(TeO6)2,FM,ground_truth,1.0,0.0355178607499979,0.001068115234375
JVASP-155442,8,-4.572083473205566,-4.573153495788574,0.0010700225830078125,0.02509480156004429,True,5,JARVIS,MnCu2HgS4,FM,predicted,0.8289476973886886,1.3127,0.0010700225830078125
mp-1217452,48,-7.073189417521159,-7.074260075887044,0.0010706583658854167,0.036614470183849335,True,17,MaterialsProject,Ti3Fe(BiO3)5,FM,ground_truth,1.0,0.0134272470312453,0.0010706583658854167
mp-550745,40,-6.904109191894531,-6.905226135253907,0.001116943359375,0.04455509036779404,True,12,MaterialsProject,TiFe(BiO3)2,FM,ground_truth,1.0,0.0154006527500003,0.001116943359375
mp-1216956,15,-6.679920450846354,-6.681037394205729,0.001116943359375,0.041276127099990845,True,14,MaterialsProject,TiFe2Bi2PbO9,FM,ground_truth,1.0,0.0292779802708311,0.001116943359375
JVASP-59773,20,-8.275315856933593,-8.27646484375,0.00114898681640625,0.04177071526646614,True,4,JARVIS,Mn3GeIr,FM,predicted,0.7602487045684717,3.8777,0.00114898681640625
mp-774932,10,-6.4033042907714846,-6.404512023925781,0.001207733154296875,0.04041742533445358,True,12,MaterialsProject,Li2FeWO6,FM,ground_truth,1.0,0.086376634249996,0.001207733154296875
JVASP-119664,30,-7.118206787109375,-7.119427998860677,0.0012212117513020833,0.04494833946228027,True,11,JARVIS,Ba6Ca2TaRu3O18,FM,predicted,0.7387665799067119,2.5417,0.0012212117513020833
mp-1216934,30,-6.669220987955729,-6.670445251464844,0.0012242635091145833,0.04586073011159897,True,14,MaterialsProject,TiFe2Bi2PbO9,FM,ground_truth,1.0,0.0345541039374968,0.0012242635091145833
mp-771478,36,-7.33502197265625,-7.3362536960177955,0.001231723361545139,0.046882811933755875,True,19,MaterialsProject,Mn3Fe2P6WO24,FM,ground_truth,1.0,0.0864632604513957,0.001231723361545139
mp-2218789,13,-8.248929537259615,-8.250164325420673,0.0012347881610576923,0.03323967754840851,True,14,MaterialsProject,MgTa2(FeO4)2,FM,ground_truth,1.0,0.0603392550961707,0.0012347881610576923
JVASP-18333,9,-5.30261951022678,-5.3038787841796875,0.001259273952907986,0.04569312185049057,True,5,JARVIS,Er6MnBi2,FiM,predicted,0.7446434845579597,1.8245,0.001259273952907986
JVASP-48198,20,-6.237638092041015,-6.238898086547851,0.0012599945068359375,0.044089339673519135,True,27,JARVIS,Li4MnSb2WO12,FM,predicted,0.7366709652916106,2.8761,0.0012599945068359375
mp-1217936,10,-8.271025085449219,-8.272293090820312,0.00126800537109375,0.04156111925840378,True,11,MaterialsProject,TaMn2FeO6,FM,ground_truth,1.0,0.0496344352499988,0.00126800537109375
mp-1100812,50,-7.52484375,-7.526118774414062,0.0012750244140625,0.04060254618525505,True,15,MaterialsProject,Zr4FeBiPb4O15,FM,ground_truth,1.0,0.0344140688499958,0.0012750244140625
mp-1218551,22,-6.512740395285866,-6.514032537286932,0.001292142001065341,0.048485636711120605,True,20,MaterialsProject,Sr3Y2FeCu3BiO12,FiM,ground_truth,1.0,0.0581171948579433,0.001292142001065341
mp-1224899,10,-6.8431037902832035,-6.844403839111328,0.001300048828125,0.04221178591251373,True,7,MaterialsProject,FeRe(PbO3)2,FiM,ground_truth,1.0,0.0800971098169647,0.001300048828125
mp-775004,34,-7.022105497472427,-7.023478339700138,0.001372842227711397,0.04744229093194008,True,15,MaterialsProject,Fe3P6WO24,FM,ground_truth,1.0,0.0413596310171504,0.001372842227711397
mp-1189143,20,-7.182559204101563,-7.183970642089844,0.00141143798828125,0.0467173233628273,True,12,MaterialsProject,NaNdFeWO6,FM,ground_truth,1.0,0.0,0.00141143798828125
mp-1189616,20,-7.848793029785156,-7.850247192382812,0.00145416259765625,0.02462366595864296,True,4,MaterialsProject,Ta3FeS6,FM,ground_truth,1.0,0.0,0.00145416259765625
JVASP-66398,6,-3.3350038528442383,-3.3364648818969727,0.001461029052734375,0.010917331092059612,True,5,JARVIS,Ba4TaMn,FiM,predicted,0.8021188543605452,2.133,0.001461029052734375
mp-1227209,20,-6.586650848388672,-6.58812255859375,0.001471710205078125,0.035988468676805496,True,8,MaterialsProject,CaMnFeBiO6,FM,ground_truth,1.0,0.0141740217916703,0.001471710205078125
mp-698573,65,-5.751770958533654,-5.753269606370193,0.0014986478365384616,0.04357122257351875,True,15,MaterialsProject,FeBi25O39,FM,ground_truth,1.0,0.0271270711538491,0.0014986478365384616
mp-1103601,14,-6.918001447405134,-6.919536045619419,0.0015345982142857143,0.038034602999687195,True,17,MaterialsProject,Fe2Si2BiO9,FM,ground_truth,1.0,0.0808567166666636,0.0015345982142857143
JVASP-102219,4,-6.165511131286621,-6.1670613288879395,0.0015501976013183594,0.04951389878988266,True,5,JARVIS,CoNiPt2,FM,predicted,0.8297542141328202,2.3905,0.0015501976013183594
mp-1280283,10,-6.8446800231933596,-6.846231842041016,0.00155181884765625,0.04991959035396576,True,7,MaterialsProject,FeRe(PbO3)2,FiM,ground_truth,1.0,0.0785737028169641,0.00155181884765625
mp-770521,28,-6.966105869838169,-6.967686244419643,0.0015803745814732143,0.04761912301182747,True,13,MaterialsProject,Li4V3Fe3(WO8)2,FM,ground_truth,1.0,0.0173064811272336,0.0015803745814732143
JVASP-155443,8,-4.183446884155273,-4.1850504875183105,0.0016036033630371094,0.011878141202032566,True,6,JARVIS,MnCu2HgSe4,FM,predicted,0.9223501197577488,1.036,0.0016036033630371094
mp-1224924,13,-7.36579836331881,-7.367474482609675,0.0016761192908653845,0.04092041030526161,True,11,MaterialsProject,FeRe2(MoS4)2,FM,ground_truth,1.0,0.0872553524038455,0.0016761192908653845
mp-1217857,18,-5.266729142930773,-5.2684449089898004,0.0017157660590277778,0.04903801158070564,True,10,MaterialsProject,Tb12FeCoBi4,FM,ground_truth,1.0,0.0277215152623453,0.0017157660590277778
mp-1217427,29,-6.897242052801724,-6.8989757669383085,0.0017337141365840517,0.04277249425649643,True,24,MaterialsProject,Ti3Fe2(BiO3)6,FM,ground_truth,1.0,0.0530952894827594,0.0017337141365840517
mp-2214664,14,-6.91803468976702,-6.919776916503906,0.0017422267368861607,0.04295121878385544,True,15,MaterialsProject,Fe2Si2BiO9,FM,ground_truth,1.0,0.0788594402380935,0.0017422267368861607
mp-759730,66,-5.746464584812974,-5.748213334517046,0.0017487497040719697,0.03832525387406349,True,12,MaterialsProject,Fe(Bi5O8)5,FM,ground_truth,1.0,0.028678691212125,0.0017487497040719697
mp-1569036,40,-6.326481628417969,-6.328274917602539,0.0017932891845703126,0.03922446072101593,True,23,MaterialsProject,Li4FeTe(WO6)2,FM,ground_truth,1.0,0.0528741963750025,0.0017932891845703126
mp-758943,36,-7.704027811686198,-7.705900404188368,0.001872592502170139,0.04310230538249016,True,19,MaterialsProject,Ti3Fe2P6WO24,FM,ground_truth,1.0,0.0350801522608108,0.001872592502170139
JVASP-178319,20,-6.870288848876953,-6.872169494628906,0.001880645751953125,0.04542483761906624,True,14,JARVIS,Ca3Mn4BiO12,FM,predicted,0.7566442259902181,2.7585,0.001880645751953125
mp-771171,28,-6.115453447614398,-6.117374420166016,0.0019209725516183035,0.04999475181102753,True,23,MaterialsProject,Li7Fe3(WO8)2,FM,ground_truth,1.0,0.0910794486190456,0.0019209725516183035
JVASP-110210,6,-6.145748774210612,-6.1477845509847,0.0020357767740885415,0.04315696656703949,True,13,JARVIS,Mn2Sb2PtAu,FM,predicted,0.9029610122496116,2.7131,0.0020357767740885415
mp-1225033,24,-9.498909632364908,-9.500953674316406,0.002044041951497396,0.045967232435941696,True,7,MaterialsProject,FeMo3PtN,FiM,ground_truth,1.0,0.0,0.002044041951497396
JVASP-136400,6,-4.4628035227457685,-4.464890162150065,0.002086639404296875,0.04635675251483917,True,2,JARVIS,ReClO4,FM,predicted,0.7183088501263978,3.2695,0.002086639404296875
mp-1217245,24,-7.048230489095052,-7.050371170043945,0.002140680948893229,0.041677650064229965,True,22,MaterialsProject,Ti3Fe(BiO3)5,FM,ground_truth,1.0,0.0427787659895777,0.002140680948893229
mp-1225535,27,-5.285678439670139,-5.287842362015335,0.002163922345196759,0.03953935205936432,True,17,MaterialsProject,Dy18Mn(FeBi3)2,FiM,ground_truth,1.0,0.0218048209310728,0.002163922345196759
mp-1366463,19,-7.415204499897204,-7.417377672697368,0.002173172800164474,0.04575350880622864,True,13,MaterialsProject,Ca3Fe2(ReO6)2,FiM,ground_truth,1.0,0.0263900561578971,0.002173172800164474
JVASP-70410,4,-5.949410915374756,-5.951592445373535,0.002181529998779297,0.04260477423667908,True,12,JARVIS,MnBe2Pt,FM,predicted,0.7315809470004596,2.5687,0.002181529998779297
JVASP-102796,10,-6.2005058288574215,-6.202732086181641,0.00222625732421875,0.04169861599802971,True,5,JARVIS,CaFe2BiO6,FM,predicted,0.7417383144461068,2.4314,0.00222625732421875
mp-787524,40,-6.737162780761719,-6.739400482177734,0.002237701416015625,0.04079902544617653,True,23,MaterialsProject,Li4Fe(WO4)3,FM,ground_truth,1.0,0.0416310262499983,0.002237701416015625
mp-757766,65,-5.753439565805288,-5.755712421123798,0.0022728553185096152,0.042262278497219086,True,22,MaterialsProject,FeBi25O39,FM,ground_truth,1.0,0.0252144516153878,0.0022728553185096152
mp-2218825,13,-8.18957284780649,-8.191849928635817,0.002277080829326923,0.0413544699549675,True,16,MaterialsProject,MgTa2(FeO4)2,FM,ground_truth,1.0,0.0953215335577084,0.002277080829326923
JVASP-112707,30,-6.563702901204427,-6.5659840901692705,0.00228118896484375,0.03461522236466408,True,17,JARVIS,Ba3BiIrRuO9,FM,predicted,0.7217526046012941,2.4344,0.00228118896484375
mp-1218064,12,-8.356432596842447,-8.358720143636068,0.0022875467936197915,0.043675996363162994,True,11,MaterialsProject,TaAlFe,FM,ground_truth,1.0,0.0682881055666673,0.0022875467936197915
mp-2218623,13,-8.225577721228966,-8.22787358210637,0.002295860877403846,0.04760841652750969,True,22,MaterialsProject,MgTa2(FeO4)2,FM,ground_truth,1.0,0.0815437858654011,0.002295860877403846
mp-771917,28,-6.182920728410993,-6.185460771833148,0.002540043422154018,0.042770881205797195,True,22,MaterialsProject,Li4Fe3Ni3(WO8)2,FM,ground_truth,1.0,0.0423582360714265,0.002540043422154018
mp-1225028,10,-6.007178115844726,-6.0097900390625,0.0026119232177734377,0.04882997274398804,True,9,MaterialsProject,FeCo(BiO3)2,FM,ground_truth,1.0,0.047762016500001,0.0026119232177734377
JVASP-141620,17,-6.224544749540441,-6.227162529440487,0.002617779900045956,0.04690084233880043,True,18,JARVIS,LiVTe2WO12,FM,predicted,0.744414297952413,3.1239,0.002617779900045956
JVASP-104739,9,-5.308222876654731,-5.310888502332899,0.002665625678168403,0.04817378148436546,True,5,JARVIS,Ho3Er3MnBi2,FiM,predicted,0.8382707945012063,1.8373,0.002665625678168403
mp-1044069,20,-7.014521789550781,-7.0172271728515625,0.00270538330078125,0.042581938207149506,True,13,MaterialsProject,LaZnFeWO6,FiM,ground_truth,1.0,0.0831103597499982,0.00270538330078125
JVASP-142288,20,-7.496712493896484,-7.499488830566406,0.002776336669921875,0.048545535653829575,True,21,JARVIS,YbSr2TaO6,FM,predicted,0.7347284434929926,1.9978,0.002776336669921875
JVASP-146578,20,-6.24444694519043,-6.247265625,0.0028186798095703124,0.044378913938999176,True,19,JARVIS,Li4Mn2TeWO12,FM,predicted,0.7540010150013774,2.9992,0.0028186798095703124
mp-1205841,9,-6.541089375813802,-6.544132656521267,0.003043280707465278,0.04251056909561157,True,16,MaterialsProject,Y6FeBi2,FM,ground_truth,1.0,0.0081619544444428,0.003043280707465278
JVASP-166204,22,-6.281778508966619,-6.284863558682528,0.003085049715909091,0.046931762248277664,True,17,JARVIS,Sr2MnBiPbO6,FM,predicted,0.7617130734980165,1.864,0.003085049715909091
mp-1224737,8,-6.4875383377075195,-6.490636825561523,0.0030984878540039062,0.04534551501274109,True,13,MaterialsProject,Fe2CuNiPt4,FM,ground_truth,1.0,0.0326745937500021,0.0030984878540039062
mp-754685,20,-6.594136810302734,-6.597306823730468,0.003170013427734375,0.03554343804717064,True,27,MaterialsProject,Li4CrFe(WO6)2,FM,ground_truth,1.0,0.0804004013784682,0.003170013427734375
mp-1215350,12,-10.101734161376953,-10.10512924194336,0.00339508056640625,0.042310018092393875,True,15,MaterialsProject,ZrFeRe,FM,ground_truth,1.0,0.0485908766666653,0.00339508056640625
mp-1220715,28,-7.085210527692523,-7.088892800467355,0.0036822727748325895,0.049450408667325974,True,26,MaterialsProject,Nb3Fe(BiO3)6,FM,ground_truth,1.0,0.000338195803593,0.0036822727748325895
JVASP-173801,24,-7.035896937052409,-7.03965695699056,0.0037600199381510415,0.0376758798956871,True,32,JARVIS,Ti3FeBi5O15,FM,predicted,0.7359103150209669,2.8674,0.0037600199381510415
JVASP-176500,18,-5.283865186903212,-5.287626478407118,0.00376129150390625,0.0380314439535141,True,6,JARVIS,Ho9Er3Mn2Bi4,FiM,predicted,0.7810486453287735,1.9871,0.00376129150390625
JVASP-48191,26,-6.948965219350962,-6.952933678260217,0.003968458909254808,0.040783751755952835,True,28,JARVIS,Li2P2WO8,FM,predicted,0.7924379954165861,3.091,0.003968458909254808
mp-639789,20,-10.870808410644532,-10.874923706054688,0.00411529541015625,0.049505531787872314,True,12,MaterialsProject,Fe2Re3,FM,ground_truth,1.0,0.0,0.00411529541015625
JVASP-18334,9,-5.28829108344184,-5.292417738172743,0.004126654730902778,0.028415905311703682,True,6,JARVIS,Ho6MnBi2,FiM,predicted,0.7658762246085442,1.8528,0.004126654730902778
mp-1640734,24,-7.788502375284831,-7.7927290598551435,0.0042266845703125,0.04099372774362564,True,19,MaterialsProject,YFe(WO4)2,FM,ground_truth,1.0,0.0289165719791668,0.0042266845703125
JVASP-111914,20,-5.983798217773438,-5.988048553466797,0.004250335693359375,0.04956718906760216,True,23,JARVIS,MnNiBi2O6,FM,predicted,0.9023092347199744,2.4394,0.004250335693359375
mp-775176,20,-5.914182662963867,-5.918494796752929,0.0043121337890625,0.04074414446949959,True,26,MaterialsProject,Li4FeTe2WO12,FiM,ground_truth,1.0,0.0723233055000038,0.0043121337890625
mp-776460,20,-6.737681579589844,-6.742071533203125,0.00438995361328125,0.04683622717857361,True,24,MaterialsProject,Li4Fe(WO4)3,FM,ground_truth,1.0,0.0435874924999986,0.00438995361328125
JVASP-100799,10,-7.192188262939453,-7.196868133544922,0.00467987060546875,0.04962046444416046,True,5,JARVIS,SrTiMnBiO6,FM,predicted,0.7972479813848893,2.497,0.00467987060546875
JVASP-44630,20,-6.693060302734375,-6.697927093505859,0.004866790771484375,0.042849019169807434,True,22,JARVIS,Li4MnV2WO12,FM,predicted,0.8473392437761458,3.2064,0.004866790771484375
JVASP-111819,12,-6.259372711181641,-6.264315923055013,0.0049432118733723955,0.03719738870859146,True,13,JARVIS,FeSnPt,FM,predicted,0.779604604325655,1.8884,0.0049432118733723955
mp-1043887,20,-6.770516967773437,-6.775574493408203,0.005057525634765625,0.04803318902850151,True,13,MaterialsProject,CaLaFeBiO6,FM,ground_truth,1.0,0.057347076750001,0.005057525634765625
mp-770860,40,-7.037052917480469,-7.0422111511230465,0.005158233642578125,0.04840417578816414,True,36,MaterialsProject,Li4Mn2Fe3P6WO24,FM,ground_truth,1.0,0.0843874870312539,0.005158233642578125
mp-775133,28,-7.311512538364956,-7.316740308489118,0.005227770124162946,0.04863683506846428,True,25,MaterialsProject,Li4Ti3Fe3(WO8)2,FM,ground_truth,1.0,0.0383531715029779,0.005227770124162946
JVASP-105932,9,-5.308703104654948,-5.313954671223958,0.005251566569010417,0.01670379750430584,True,6,JARVIS,Dy6MnBi2,FiM,predicted,0.7603142566153586,1.8594,0.005251566569010417
JVASP-112670,20,-7.315773010253906,-7.321437072753906,0.0056640625,0.047074850648641586,True,27,JARVIS,LaMn2BiO6,FM,predicted,0.8502159520564475,2.8571,0.0056640625
JVASP-122168,11,-5.98672138560902,-5.992507240988991,0.005785855379971591,0.04434269666671753,True,26,JARVIS,Sr2FeBiPbO6,FM,predicted,0.7781114724319443,1.7889,0.005785855379971591
mp-1224629,20,-7.769168090820313,-7.7751518249511715,0.005983734130859375,0.03959929943084717,True,14,MaterialsProject,GdFe2BiO6,FM,ground_truth,1.0,0.056671754249999,0.005983734130859375
mp-1105823,20,-7.22362060546875,-7.229663848876953,0.006043243408203125,0.03958097845315933,True,21,MaterialsProject,NaLaFeWO6,FM,ground_truth,1.0,0.0,0.006043243408203125
mp-23501,10,-6.19848518371582,-6.204658508300781,0.006173324584960937,0.040343619883060455,True,13,MaterialsProject,FeBiO3,FM,ground_truth,1.0,0.0016325030000015,0.006173324584960937
JVASP-48183,11,-7.105820395729759,-7.112025867808949,0.006205472079190341,0.0409097783267498,True,29,JARVIS,LiP2WO7,FM,predicted,0.7986968618947136,3.2667,0.006205472079190341
mp-1194007,26,-4.695880009577825,-4.702219742995042,0.006339733417217548,0.043033093214035034,True,25,MaterialsProject,FeCu4BiPbS6,FM,ground_truth,1.0,0.0289443198557695,0.006339733417217548
JVASP-9269,12,-5.567239761352539,-5.573774337768555,0.006534576416015625,0.03279227390885353,True,18,JARVIS,Ba2TlBi2O7,FM,predicted,0.7273466491790758,1.6487,0.006534576416015625
mp-772992,47,-6.730331096243351,-6.737778683926197,0.007447587682845745,0.032869208604097366,True,39,MaterialsProject,Li9Fe3(WO4)7,FM,ground_truth,1.0,0.0703187072340414,0.007447587682845745
mp-1208356,29,-7.12903200346848,-7.136609833816002,0.007577830347521552,0.038959652185440063,True,31,MaterialsProject,Ti4Fe(BiO3)6,FM,ground_truth,1.0,0.0566828541379322,0.007577830347521552
JVASP-105510,4,-6.800634384155273,-6.808267593383789,0.007633209228515625,0.02997407875955105,True,12,JARVIS,FeCoPt2,FM,predicted,0.8820062852984656,3.0118,0.007633209228515625
mp-1078277,10,-7.529253387451172,-7.537065124511718,0.007811737060546875,0.04289843514561653,True,22,MaterialsProject,Mn2FeWO6,FiM,ground_truth,1.0,0.0303123090000028,0.007811737060546875
JVASP-43389,20,-6.840818786621094,-6.8489540100097654,0.008135223388671875,0.04527479410171509,True,27,JARVIS,Li4MnW3O12,FM,predicted,0.7869288340805094,3.6553,0.008135223388671875
mp-2766576,9,-6.534558614095052,-6.542814466688368,0.008255852593315972,0.047406766563653946,True,17,MaterialsProject,Y6FeBi2,FiM,ground_truth,1.0,0.0063109044444473,0.008255852593315972
JVASP-50837,14,-5.088945661272321,-5.097216469900949,0.008270808628627233,0.046452444046735764,True,25,JARVIS,Bi4O3F7,FM,predicted,0.849092786813932,0.7149,0.008270808628627233
JVASP-43669,28,-6.571796962193081,-6.580731528145926,0.008934565952845983,0.049093883484601974,True,32,JARVIS,Li4V3Ni3W2O16,FM,predicted,0.7377335911963618,3.2865,0.008934565952845983
JVASP-44406,28,-7.272581917898996,-7.281974792480469,0.009392874581473214,0.03387703374028206,True,30,JARVIS,Li4V3Cr3W2O16,FM,predicted,0.7695992684762702,3.7949,0.009392874581473214
JVASP-134208,5,-7.364046478271485,-7.373760223388672,0.0097137451171875,0.039035677909851074,True,11,JARVIS,TiBiO3,FM,predicted,0.7614240952915066,2.1053,0.0097137451171875
JVASP-132944,29,-6.987465167867726,-6.99719606596848,0.009730898100754311,0.049959395080804825,True,18,JARVIS,Ba3Ti3Fe3Bi2O18,FM,predicted,0.8616406772629589,2.8557,0.009730898100754311
mp-1218209,10,-6.514655303955078,-6.525217437744141,0.0105621337890625,0.03922215849161148,True,30,MaterialsProject,SrMnFeBiO6,FM,ground_truth,1.0,0.0283798927499994,0.0105621337890625
mp-1225056,10,-6.0309501647949215,-6.04151611328125,0.010565948486328126,0.047581326216459274,True,20,MaterialsProject,GaFe(BiO3)2,FM,ground_truth,1.0,0.0473510372500012,0.010565948486328126
JVASP-134215,5,-7.149493408203125,-7.1601097106933596,0.010616302490234375,0.02232392318546772,True,11,JARVIS,TiBiO3,FM,predicted,0.7696879657154964,2.2034,0.010616302490234375
mp-769470,47,-6.613006591796875,-6.623729299991689,0.01072270819481383,0.037965793162584305,True,37,MaterialsProject,Li11Fe(WO4)7,FM,ground_truth,1.0,0.0458943017420168,0.01072270819481383
JVASP-151948,12,-6.097693125406901,-6.110687255859375,0.012994130452473959,0.0318300798535347,True,8,JARVIS,FeSbPt,FM,predicted,0.8396437107318075,2.3026,0.012994130452473959
JVASP-118472,3,-4.769411087036133,-4.783505121866862,0.014094034830729166,0.03358137235045433,True,38,JARVIS,ReHO,FM,predicted,0.8897943115521425,4.3774,0.014094034830729166
JVASP-134106,2,-2.1466898918151855,-2.1608831882476807,0.014193296432495117,0.020406484603881836,True,12,JARVIS,BePt,FM,predicted,0.8087685827333526,2.8971,0.014193296432495117
mp-757500,20,-6.67008056640625,-6.6860298156738285,0.015949249267578125,0.04810451343655586,True,58,MaterialsProject,Li4VFe(WO6)2,FM,ground_truth,1.0,0.0720533530937501,0.015949249267578125
JVASP-112765,22,-5.071509968150746,-5.087505687366832,0.015995719216086647,0.04607243835926056,True,30,JARVIS,Li2Ni2BiO6,FM,predicted,0.7367306351429436,1.9534,0.015995719216086647
mp-1224912,12,-9.155665079752604,-9.172332127888998,0.01666704813639323,0.03495344519615173,True,16,MaterialsProject,FeSiW,FM,ground_truth,1.0,0.0771234458333349,0.01666704813639323
mp-1282646,20,-7.004638671875,-7.021427154541016,0.016788482666015625,0.046468671411275864,True,30,MaterialsProject,Sr2FeWO6,FM,ground_truth,1.0,0.0413953679999998,0.016788482666015625
JVASP-115452,3,-3.2288440068562827,-3.2464189529418945,0.01757494608561198,0.04156601428985596,True,18,JARVIS,MgAuO,FM,predicted,0.8476756154919969,0.5419,0.01757494608561198
JVASP-183595,4,-6.427189350128174,-6.446871757507324,0.01968240737915039,0.04853866249322891,True,14,JARVIS,BaOsO2,FM,predicted,0.8849488885727808,2.4748,0.01968240737915039
JVASP-69281,4,-4.6560540199279785,-4.6761298179626465,0.02007579803466797,0.028453290462493896,True,24,JARVIS,BaReCl2,FM,predicted,0.8681503559987838,1.7115,0.02007579803466797
JVASP-44414,28,-7.011585780552456,-7.032115391322544,0.020529610770089284,0.04321269318461418,True,40,JARVIS,Li2Mn3WO8,FM,predicted,0.7608594952650906,3.5017,0.020529610770089284
mp-531102,66,-5.729553685043797,-5.750220096472538,0.020666411428740532,0.04683145508170128,True,37,MaterialsProject,Fe(Bi5O8)5,FM,ground_truth,1.0,0.0526313622727316,0.020666411428740532
JVASP-170516,20,-6.256838989257813,-6.2799537658691404,0.023114776611328124,0.04763033241033554,True,26,JARVIS,MnFe3Bi4O12,FM,predicted,0.7374227525126414,2.9038,0.023114776611328124
JVASP-44769,28,-7.585335322788784,-7.610744476318359,0.025409153529575894,0.034820180386304855,True,30,JARVIS,Li4Ti3Cr3W2O16,FM,predicted,0.819632586517802,3.7156,0.025409153529575894
JVASP-170356,10,-7.051207733154297,-7.077141571044922,0.025933837890625,0.03724101930856705,True,30,JARVIS,SrTiFeBiO6,FM,predicted,0.7170032210683716,2.4069,0.025933837890625
JVASP-143178,30,-6.615526835123698,-6.643025716145833,0.027498881022135418,0.04190821945667267,True,28,JARVIS,TiFe2Bi2PbO9,FM,predicted,0.8240543628043308,2.7368,0.027498881022135418
mp-773627,56,-6.015218462262835,-6.048345293317523,0.0331268310546875,0.04212513566017151,True,32,MaterialsProject,Li2Fe3BiO8,FM,ground_truth,1.0,0.0722251024107176,0.0331268310546875
JVASP-154241,15,-6.7723439534505205,-6.816881815592448,0.044537862141927086,0.04192780330777168,True,38,JARVIS,Fe2Si2BiHO9,FM,predicted,0.7568475204288431,3.0441,0.044537862141927086
JVASP-141454,11,-3.6518915349786933,-3.6998977661132812,0.048006231134588066,0.04749887436628342,True,25,JARVIS,FeHg2O3F5,FM,predicted,0.7266041797769349,0.6403,0.048006231134588066
JVASP-57097,5,-6.008950042724609,-6.073118591308594,0.06416854858398438,0.04777705296874046,True,28,JARVIS,FeBiO3,FM,predicted,0.8249891385798056,2.2092,0.06416854858398438
JVASP-69087,4,-3.988478183746338,-4.059286594390869,0.07080841064453125,0.04133498668670654,True,25,JARVIS,BaIrCl2,FM,predicted,0.7852800168999913,1.0159,0.07080841064453125
JVASP-184550,4,-7.162043571472168,-7.2458367347717285,0.08379316329956055,0.04646855592727661,True,31,JARVIS,RbTaO2,FM,predicted,0.9470516345307486,2.2242,0.08379316329956055
JVASP-180383,4,-6.058459758758545,-6.274530410766602,0.21607065200805664,0.04156374931335449,True,31,JARVIS,MnBiO2,FM,predicted,0.7915028143542016,2.3287,0.21607065200805664
aflow:9ed4d1e88e7ae041,12,-1.2328750292460124,-1.4631226857503254,0.23024765650431314,0.0389782190322876,True,45,AFLOW,Fe4Pt4Sb4,FM,predicted,0.9457729026885484,,0.23024765650431314
JVASP-115252,3,-2.1607659657796225,-2.4134864807128906,0.25272051493326825,0.04848062992095947,True,43,JARVIS,NaPtO,FM,predicted,0.8998239104771611,2.4909,0.25272051493326825
JVASP-134203,3,-3.378045082092285,-3.692484219868978,0.3144391377766927,0.038777828216552734,True,55,JARVIS,BiTeO,FM,predicted,0.8160148658123315,1.443,0.3144391377766927
JVASP-120977,3,-4.495633443196614,-4.895441055297852,0.399807612101237,0.033373475074768066,True,37,JARVIS,WClO,FM,predicted,0.7462071333567188,3.5037,0.399807612101237
JVASP-138241,3,-2.958855311075846,-3.3704954783121743,0.4116401672363281,0.04196059703826904,True,32,JARVIS,BiIO,FM,predicted,0.8246551271997727,1.1199,0.4116401672363281
JVASP-120893,2,-3.155341863632202,-3.727745771408081,0.5724039077758789,0.02352428436279297,True,17,JARVIS,BiO,FM,predicted,0.7990500166861428,1.7664,0.5724039077758789
JVASP-121300,3,-2.3434549967447915,-3.295443852742513,0.9519888559977213,0.04097215458750725,True,71,JARVIS,AuOF,FM,predicted,0.8435063563669583,1.3104,0.9519888559977213
JVASP-138260,3,-3.772442181905111,-4.735722541809082,0.9632803599039713,0.0395796038210392,True,29,JARVIS,BiPO,FM,predicted,0.8444006812546867,2.2018,0.9632803599039713
JVASP-138786,3,-3.146015167236328,-4.127766291300456,0.9817511240641276,0.03660407289862633,True,45,JARVIS,AlBiO,FM,predicted,0.8533954640120591,1.7725,0.9817511240641276
JVASP-113710,3,-2.878637949625651,-3.992743492126465,1.1141055425008137,0.04943638667464256,True,62,JARVIS,SrPtO,FM,predicted,0.810803202733617,1.7429,1.1141055425008137
JVASP-115253,3,-2.466791311899821,-3.5909461975097656,1.1241548856099446,0.035005833953619,True,64,JARVIS,NaPtO,FM,predicted,0.8278604139301876,1.8005,1.1241548856099446
JVASP-136955,3,-3.9926913579305015,-5.3611100514729815,1.3684186935424805,0.021601801738142967,True,135,JARVIS,LiReO,FM,predicted,0.8306824310892846,3.8428,1.3684186935424805
JVASP-138477,3,-2.8058980305989585,-4.42787520090739,1.621977170308431,0.04145907983183861,True,79,JARVIS,CaPtO,FM,predicted,0.7479641863932224,1.8417,1.621977170308431
JVASP-133956,3,-4.038987795511882,-5.825294494628906,1.7863066991170247,0.038898613303899765,True,60,JARVIS,BaTaO,FM,predicted,0.7301494288829035,3.3603,1.7863066991170247
