candidate_id,dft_ground_state,complete,predicted,formula,mp_formula,theoretical,n_icsd,icsd_ids,other_db_ids,mp_energy_above_hull,mp_is_stable,spacegroup,mp_ordering,mp_total_magnetization,deprecated,experimental_structure
mp-1043970,AFM,True,FM,CaLaTaFeO6,CaLaTaFeO6,True,0,,,0.0,True,Pc,FM,16.0001034,False,False
mp-1047414,AFM,True,FM,Zn2FeWO6,Zn2FeWO6,True,0,,,0.058776070499999555,False,R3,FM,8.000147,False,False
mp-1079285,FM,True,FM,Tb6FeBi2,Tb6FeBi2,True,0,,,0.019143886265433174,False,Amm2,FM,0.0650828,False,False
mp-1173139,AFM,False,FM,Ta2FeO6,Ta2FeO6,True,0,,,0.00928762629636637,False,P2_12_12,FM,23.9999903,False,False
mp-1173143,,False,FM,Ta2FeO6,Ta2FeO6,True,0,,,0.008014888703774758,False,P2,FM,23.9999964,False,False
mp-1197024,AFM,True,FM,FeBi(SeO3)3,FeBi(SeO3)3,False,1,icsd-424284,,0.0,True,P2_12_12_1,FM,19.9999785,False,True
mp-1216981,,False,FM,TiFeBiPbO6,TiFeBiPbO6,True,0,,,0.02569924620312314,False,Imm2,FM,5.0000161,False,False
mp-1217456,AFM,True,FM,Ti4FeBiPb4O15,Ti4FeBiPb4O15,True,0,,,0.014955193681257306,False,Cmm2,FM,5.0050251,False,False
mp-1217946,AFM,True,FM,TaFeO4,TaFeO4,True,0,,,0.03046561749999732,False,Cmm2,FM,15.0011401,False,False
mp-1218521,AFM,True,FM,Sr3TaFeO7,Sr3TaFeO7,True,0,,,0.03719529416667555,False,I4mm,FM,4.9938252,False,False
mp-1228376,AFM,True,FM,Ba3Fe2WO9,Ba3Fe2WO9,True,0,,,0.0,True,P6_3mc,FM,20.0034981,False,False
mp-1228547,FM,True,FM,Ba4Ta10FeO30,Ba4Ta10FeO30,True,0,,,0.0,True,Imm2,FM,4.0009866,False,False
mp-1301722,AFM,True,FM,Ca3Fe2(WO6)2,Ca3Fe2(WO6)2,True,0,,,0.08912061684210748,False,R3m,FM,10.0000838,False,False
mp-1343817,AFM,True,FM,CaFeReO6,CaFeReO6,True,0,,,0.04339175130093054,False,Pc,FM,10.0002146,False,False
mp-1519427,AFM,True,FM,BaCaFeBiO6,BaCaFeBiO6,True,0,,,0.09461198099999546,False,F-43m,FM,5.0000004,False,False
mp-1520073,AFM,True,FM,SrCaFeBiO6,SrCaFeBiO6,True,0,,,0.08949794314999693,False,F-43m,FM,5.0000005,False,False
mp-1522159,AFM,True,FM,BaSrFeBiO6,BaSrFeBiO6,True,0,,,0.019073074999992556,False,F-43m,FM,5.0,False,False
mp-22972,AFM,False,FiM,Tb6FeBi2,Tb6FeBi2,False,5,icsd-152649;icsd-152645;icsd-152648;icsd-152646;icsd-152647,,0.012122322932099472,False,P-62m,FiM,0.2623677,False,True
mp-551086,AFM,False,FiM,CrFe(BiO3)2,CrFe(BiO3)2,True,1,icsd-246426,,0.01586800900000096,False,R3,FiM,6.0001518,False,False
mp-682554,AFM,False,FM,FeCu4Re14(Mo3S20)2,FeCu4Re14(Mo3S20)2,True,0,,,0.03541034217307448,False,Cm,FM,4.0034323,False,False
mp-754090,FM,True,FM,Li4Fe2TeWO12,Li4Fe2TeWO12,True,0,,,0.08507909945000236,False,P1,FM,8.0003725,False,False
mp-755203,AFM,True,FM,Li4NbFe(WO6)2,Li4NbFe(WO6)2,True,0,,,0.02156497699999793,False,P1,FM,10.0000587,False,False
mp-769471,AFM,True,FM,Fe3Co2P6WO24,Fe3Co2P6WO24,True,0,,,0.07597524074071149,False,R3,FM,21.995129,False,False
mp-775194,AFM,False,FM,Li2Fe3WO8,Li2Fe3WO8,True,0,,,0.030262151428569695,False,Cmc2_1,FM,27.9996443,False,False
mp-850225,FM,True,FM,FeP6(WO8)3,FeP6(WO8)3,True,0,,,0.0,True,R3,FM,7.9998428,False,False
mp-861559,AFM,True,FM,TaFeO4,TaFeO4,True,0,,,0.0335178038888877,False,I4_1md,FM,30.0022251,False,False
