candidate_id,calc,ordering,converged,moments,reference,valid,problems
mp-1043970,0_fm,FM,True,"{""Fe"": [3.74, 3.74]}","{""Fe"": [3.74]}",True,
mp-1043970,1_afm,AFM,True,"{""Fe"": [-3.74, 3.74]}","{""Fe"": [3.74]}",True,
mp-1047414,0_fm,FM,True,"{""Fe"": [3.75]}","{""Fe"": [3.75]}",True,
mp-1047414,1_afm,AFM,True,"{""Fe"": [-3.74, 3.74]}","{""Fe"": [3.75]}",True,
mp-1047414,2_afm,AFM,True,"{""Fe"": [-3.75, 3.75]}","{""Fe"": [3.75]}",True,
mp-1047414,3_afm,AFM,True,"{""Fe"": [-3.74, 3.74]}","{""Fe"": [3.75]}",True,
mp-1079285,0_fm,FM,True,"{""Fe"": [-1.68]}","{""Fe"": [1.68]}",True,
mp-1079285,1_afm,AFM,True,"{""Fe"": [-1.49, 1.5]}","{""Fe"": [1.68]}",True,
mp-1079285,2_afm,AFM,True,"{""Fe"": [-1.52, 1.51]}","{""Fe"": [1.68]}",True,
mp-1079285,3_afm,AFM,True,"{""Fe"": [-1.48, 1.48]}","{""Fe"": [1.68]}",True,
mp-1173139,0_fm,FM,True,"{""Fe"": [3.75, 3.75, 3.76, 3.75, 3.75, 3.76]}","{""Fe"": [3.75]}",True,
mp-1173139,1_afm,AFM,True,"{""Fe"": [-3.76, -3.75, -3.75, 3.76, 3.75, 3.75]}","{""Fe"": [3.75]}",True,
mp-1173139,2_afm,AFM,True,"{""Fe"": [-3.76, -3.75, -3.75, 3.76, 3.75, 3.75]}","{""Fe"": [3.75]}",True,
mp-1173139,3_afm,AFM,True,"{""Fe"": [-0.0, 0.0, -3.75, -3.75, 3.75, 3.75]}","{""Fe"": [3.75]}",False,"Fe:collapsed/inconsistent |m| (ref [3.75], got [0.0, 0.0, 3.75, 3.75, 3.75, 3.75])"
mp-1173139,4_afm,AFM,True,"{""Fe"": [-3.76, -3.75, -3.75, 3.76, 3.75, 3.75]}","{""Fe"": [3.75]}",True,
mp-1173139,5_afm,AFM,True,"{""Fe"": [-3.76, -3.74, -3.75, 3.76, 3.75, 3.74]}","{""Fe"": [3.75]}",True,
mp-1173139,6_afm,AFM,True,"{""Fe"": [-3.75, -3.75, -3.75, 3.76, 3.76, 3.75]}","{""Fe"": [3.75]}",True,
mp-1173139,7_fim,FiM,True,"{""Fe"": [-3.76, 3.76, 3.75, 3.75, 3.75, 3.75]}","{""Fe"": [3.75]}",True,
mp-1173139,8_fim,FiM,True,"{""Fe"": [-3.75, -3.75, 3.76, 3.76, 3.75, 3.75]}","{""Fe"": [3.75]}",True,
mp-1173139,9_fim,FiM,True,"{""Fe"": [-3.74, -3.74, 3.76, 3.76, 3.75, 3.75]}","{""Fe"": [3.75]}",True,
mp-1173143,0_fm,FM,True,"{""Fe"": [3.75, 3.76, 3.75, 3.75, 3.75, 3.76]}","{""Fe"": [3.75]}",True,
mp-1173143,10_fim,FiM,True,"{""Fe"": [-3.75, -3.75, 3.75, 3.75, 3.75, 3.75]}","{""Fe"": [3.75]}",True,
mp-1173143,11_fim,FiM,True,"{""Fe"": [-3.75, -3.75, 3.74, 3.75, 3.76, 3.76]}","{""Fe"": [3.75]}",True,
mp-1173143,1_afm,AFM,True,"{""Fe"": [0.0, 0.01, -0.0, 0.0, -0.0, 0.01, -0.0, -0.0, 3.75, -1.89, -3.75, 1.9]}","{""Fe"": [3.75]}",False,"Fe:collapsed/inconsistent |m| (ref [3.75], got [0.0, 0.01, 0.0, 0.0, 0.0, 0.01, 0.0, 0.0, 3.75, 1.89, 3.75, 1.9])"
mp-1173143,2_afm,AFM,True,"{""Fe"": [-0.01, -0.01, 0.0, -0.0, 0.0, -0.0, -0.01, 0.0, 1.88, 0.01, -3.75, 3.75]}","{""Fe"": [3.75]}",False,"Fe:collapsed/inconsistent |m| (ref [3.75], got [0.01, 0.01, 0.0, 0.0, 0.0, 0.0, 0.01, 0.0, 1.88, 0.01, 3.75, 3.75])"
mp-1173143,3_afm,AFM,True,"{""Fe"": [0.0, -0.0, -0.0, 1.9, -0.01, 1.91, -0.0, 0.0, 0.0, 0.0, 3.78, -3.75]}","{""Fe"": [3.75]}",False,"Fe:collapsed/inconsistent |m| (ref [3.75], got [0.0, 0.0, 0.0, 1.9, 0.01, 1.91, 0.0, 0.0, 0.0, 0.0, 3.78, 3.75])"
mp-1173143,4_afm,AFM,True,"{""Fe"": [-3.74, -3.76, -3.76, 3.75, 3.75, 3.75]}","{""Fe"": [3.75]}",True,
mp-1173143,5_afm,AFM,True,"{""Fe"": [-3.75, -3.75, -3.75, 3.75, 3.75, 3.75]}","{""Fe"": [3.75]}",True,
mp-1173143,6_afm,AFM,True,"{""Fe"": [-3.75, -3.75, -3.75, 3.75, 3.75, 3.75]}","{""Fe"": [3.75]}",True,
mp-1173143,7_afm,AFM,True,"{""Fe"": [-3.75, -3.75, -3.75, 3.74, 3.75, 3.75]}","{""Fe"": [3.75]}",True,
mp-1173143,8_afm,AFM,True,"{""Fe"": [-3.75, -3.75, -3.75, 3.75, 3.75, 3.75]}","{""Fe"": [3.75]}",True,
mp-1173143,9_afm,AFM,True,"{""Fe"": [-3.75, -3.75, -3.75, 3.75, 3.75, 3.75]}","{""Fe"": [3.75]}",True,
mp-1197024,0_fm,FM,True,"{""Fe"": [4.32, 4.32, 4.32, 4.32]}","{""Fe"": [4.33]}",True,
mp-1197024,1_afm,AFM,True,"{""Fe"": [-4.32, -4.32, 4.32, 4.32]}","{""Fe"": [4.33]}",True,
mp-1197024,2_afm,AFM,True,"{""Fe"": [-4.32, -4.32, 4.32, 4.32]}","{""Fe"": [4.33]}",True,
mp-1197024,3_afm,AFM,True,"{""Fe"": [-4.32, -4.32, 4.32, 4.32]}","{""Fe"": [4.33]}",True,
mp-1216981,0_fm,FM,True,"{""Ti"": [0.06], ""Fe"": [4.24]}","{""Ti"": [0.07], ""Fe"": [4.24]}",True,
mp-1216981,1_afm,AFM,True,"{""Ti"": [-0.06], ""Fe"": [-4.24]}","{""Ti"": [0.07], ""Fe"": [4.24]}",False,labelled AFM but every magnetic ion (|m|>0.5) is parallel (only a non-magnetic d0 site was flipped)
mp-1216981,2_afm,AFM,True,"{""Ti"": [-0.06], ""Fe"": [-4.24]}","{""Ti"": [0.07], ""Fe"": [4.24]}",False,labelled AFM but every magnetic ion (|m|>0.5) is parallel (only a non-magnetic d0 site was flipped)
mp-1216981,3_afm,AFM,True,"{""Ti"": [-0.06], ""Fe"": [-4.24]}","{""Ti"": [0.07], ""Fe"": [4.24]}",False,labelled AFM but every magnetic ion (|m|>0.5) is parallel (only a non-magnetic d0 site was flipped)
mp-1217456,0_fm,FM,True,"{""Ti"": [0.03, 0.0, 0.0, 0.03], ""Fe"": [4.24]}","{""Ti"": [0.02], ""Fe"": [4.24]}",True,
mp-1217456,1_afm,AFM,True,"{""Ti"": [-0.02, -0.02, 0.0, 0.0, 0.02, 0.02, -0.0, -0.0], ""Fe"": [-4.24, 4.24]}","{""Ti"": [0.02], ""Fe"": [4.24]}",True,
mp-1217456,2_afm,AFM,True,"{""Ti"": [0.0, -0.0, 0.0, -0.0, -0.02, 0.02, -0.02, 0.02], ""Fe"": [-4.24, 4.24]}","{""Ti"": [0.02], ""Fe"": [4.24]}",True,
mp-1217456,3_afm,AFM,True,"{""Ti"": [0.02, 0.02, 0.0, 0.0, -0.02, -0.02, -0.0, -0.0], ""Fe"": [-4.24, 4.24]}","{""Ti"": [0.02], ""Fe"": [4.24]}",True,
mp-1217946,0_fm,FM,True,"{""Fe"": [4.33, 4.33, 4.34]}","{""Fe"": [4.33]}",True,
mp-1217946,1_afm,AFM,True,"{""Fe"": [-4.32, -4.32, -4.3, 4.33, 4.31, 4.32]}","{""Fe"": [4.33]}",True,
mp-1217946,2_afm,AFM,True,"{""Fe"": [-4.32, -4.3, -4.3, 4.33, 4.3, 4.3]}","{""Fe"": [4.33]}",True,
mp-1217946,3_afm,AFM,True,"{""Fe"": [-4.31, -4.31, -4.33, 4.32, 4.33, 4.3]}","{""Fe"": [4.33]}",True,
mp-1218521,0_fm,FM,True,"{""Fe"": [4.31]}","{""Fe"": [4.31]}",True,
mp-1218521,1_afm,AFM,True,"{""Fe"": [-4.31, 4.31]}","{""Fe"": [4.31]}",True,
mp-1218521,2_afm,AFM,True,"{""Fe"": [-4.2, 4.2]}","{""Fe"": [4.31]}",True,
mp-1218521,3_afm,AFM,True,"{""Fe"": [-4.25, 4.25]}","{""Fe"": [4.31]}",True,
mp-1228376,0_fm,FM,True,"{""Fe"": [4.34, 4.34, 4.28, 4.28]}","{""Fe"": [4.31]}",True,
mp-1228376,1_afm,AFM,True,"{""Fe"": [-4.22, -4.22, 4.16, 4.16]}","{""Fe"": [4.31]}",True,
mp-1228376,2_afm,AFM,True,"{""Fe"": [-4.22, -4.16, 4.22, 4.16]}","{""Fe"": [4.31]}",True,
mp-1228376,3_afm,AFM,True,"{""Fe"": [-4.34, -4.28, 4.34, 4.28]}","{""Fe"": [4.31]}",True,
mp-1228547,0_fm,FM,True,"{""Fe"": [3.75]}","{""Fe"": [3.75]}",True,
mp-1228547,1_afm,AFM,True,"{""Fe"": [-3.75, 3.75]}","{""Fe"": [3.75]}",True,
mp-1228547,2_afm,AFM,True,"{""Fe"": [-3.75, 3.75]}","{""Fe"": [3.75]}",True,
mp-1228547,3_afm,AFM,True,"{""Fe"": [-3.75, 3.75]}","{""Fe"": [3.75]}",True,
mp-1301722,0_fm,FM,True,"{""Fe"": [4.33, 4.34]}","{""Fe"": [4.33]}",True,
mp-1301722,1_afm,AFM,True,"{""Fe"": [-4.32, 4.31]}","{""Fe"": [4.33]}",True,
mp-1343817,0_fm,FM,True,"{""Fe"": [4.3, 4.3]}","{""Fe"": [4.3]}",True,
mp-1343817,1_afm,AFM,True,"{""Fe"": [-4.29, 4.29]}","{""Fe"": [4.3]}",True,
mp-1519427,0_fm,FM,True,"{""Fe"": [4.28]}","{""Fe"": [4.28]}",True,
mp-1519427,1_afm,AFM,True,"{""Fe"": [-4.23, 4.23]}","{""Fe"": [4.28]}",True,
mp-1519427,2_afm,AFM,True,"{""Fe"": [-4.21, 4.21]}","{""Fe"": [4.28]}",True,
mp-1520073,0_fm,FM,True,"{""Fe"": [4.29]}","{""Fe"": [4.29]}",True,
mp-1520073,1_afm,AFM,True,"{""Fe"": [-4.24, 4.24]}","{""Fe"": [4.29]}",True,
mp-1520073,2_afm,AFM,True,"{""Fe"": [-4.21, 4.21]}","{""Fe"": [4.29]}",True,
mp-1522159,0_fm,FM,True,"{""Fe"": [4.28]}","{""Fe"": [4.28]}",True,
mp-1522159,1_afm,AFM,True,"{""Fe"": [-4.23, 4.23]}","{""Fe"": [4.28]}",True,
mp-1522159,2_afm,AFM,True,"{""Fe"": [-4.21, 4.21]}","{""Fe"": [4.28]}",True,
mp-22972,1_afm,AFM,True,"{""Fe"": [-1.48, 1.53]}","{""Fe"": [1.62]}",True,
mp-22972,2_afm,AFM,True,"{""Fe"": [-1.36, 1.37]}","{""Fe"": [1.62]}",True,
mp-22972,3_afm,AFM,True,"{""Fe"": [-1.5, 1.5]}","{""Fe"": [1.62]}",True,
mp-22972,4_fm,FM,True,"{""Fe"": [-1.61, -1.63]}","{""Fe"": [1.62]}",True,
mp-22972,5_fm,FM,True,"{""Fe"": [-1.53]}","{""Fe"": [1.62]}",True,
mp-551086,0_fm,FM,True,"{""Cr"": [3.01], ""Fe"": [4.28]}","{""Cr"": [3.01], ""Fe"": [4.28]}",True,
mp-551086,1_afm,AFM,True,"{""Cr"": [2.82], ""Fe"": [-4.28]}","{""Cr"": [3.01], ""Fe"": [4.28]}",True,
mp-551086,2_afm,AFM,True,"{""Cr"": [-2.92, 2.92], ""Fe"": [-1.11, 1.11]}","{""Cr"": [3.01], ""Fe"": [4.28]}",False,"Fe:collapsed/inconsistent |m| (ref [4.28], got [1.11, 1.11])"
mp-551086,3_afm,AFM,True,"{""Cr"": [0.98, -0.98], ""Fe"": [-4.28, 4.28]}","{""Cr"": [3.01], ""Fe"": [4.28]}",False,"Cr:collapsed/inconsistent |m| (ref [3.01], got [0.98, 0.98])"
mp-551086,4_fim,FiM,True,"{""Cr"": [-2.82, 3.01], ""Fe"": [4.28, 4.28]}","{""Cr"": [3.01], ""Fe"": [4.28]}",True,
mp-551086,5_fim,FiM,True,"{""Cr"": [2.91, 2.93], ""Fe"": [-4.28, 4.28]}","{""Cr"": [3.01], ""Fe"": [4.28]}",True,
mp-551086,6_fim,FiM,True,"{""Cr"": [-2.82, 3.01], ""Fe"": [4.28, 4.28]}","{""Cr"": [3.01], ""Fe"": [4.28]}",True,
mp-551086,7_fim,FiM,True,"{""Cr"": [2.89, 2.95], ""Fe"": [-4.28, 4.28]}","{""Cr"": [3.01], ""Fe"": [4.28]}",True,
mp-682554,0_fm,FM,True,"{""Fe"": [3.03]}","{""Fe"": [3.03]}",True,
mp-682554,1_afm,AFM,True,"{""Fe"": [-3.09, -3.09]}","{""Fe"": [3.03]}",False,Fe:pattern changed vs MAGMOM; labelled AFM but every magnetic ion (|m|>0.5) is parallel (FM in supercell)
mp-682554,3_afm,AFM,True,"{""Fe"": [3.1, -3.09]}","{""Fe"": [3.03]}",True,
mp-754090,0_fm,FM,True,"{""Fe"": [4.16, 4.16]}","{""Fe"": [4.16]}",True,
mp-754090,1_afm,AFM,True,"{""Fe"": [-4.13, 4.14]}","{""Fe"": [4.16]}",True,
mp-755203,0_fm,FM,True,"{""Fe"": [4.31]}","{""Fe"": [4.31]}",True,
mp-755203,1_afm,AFM,True,"{""Fe"": [-4.3, 4.3]}","{""Fe"": [4.31]}",True,
mp-755203,2_afm,AFM,True,"{""Fe"": [-4.3, 4.3]}","{""Fe"": [4.31]}",True,
mp-755203,3_afm,AFM,True,"{""Fe"": [-4.3, 4.3]}","{""Fe"": [4.31]}",True,
mp-769471,0_fm,FM,True,"{""Co"": [2.78, 2.79], ""Fe"": [4.37, 4.37, 4.38]}","{""Co"": [2.78], ""Fe"": [4.37]}",True,
mp-769471,1_afm,AFM,True,"{""Co"": [-2.74, -2.78, -2.78, -2.78], ""Fe"": [-4.36, 4.37, 4.36, 4.37, 4.34, 4.35]}","{""Co"": [2.78], ""Fe"": [4.37]}",True,
mp-769471,2_afm,AFM,True,"{""Co"": [-2.61, -2.78, -2.78, 2.78], ""Fe"": [-4.37, -4.34, 4.36, 4.37, 4.36, 4.38]}","{""Co"": [2.78], ""Fe"": [4.37]}",True,
mp-769471,3_afm,AFM,True,"{""Co"": [-2.76, -2.78, -2.78, 2.78], ""Fe"": [-4.37, -4.34, 4.37, 4.36, 4.37, 4.35]}","{""Co"": [2.78], ""Fe"": [4.37]}",True,
mp-775194,0_fm,FM,True,"{""Fe"": [4.29, 4.29, 3.74, 3.74, 4.29, 4.29]}","{""Fe"": [3.74, 4.29]}",True,
mp-775194,1_afm,AFM,True,"{""Fe"": [-3.68, -4.27, -4.27, 3.68, 4.27, 4.27]}","{""Fe"": [3.74, 4.29]}",True,
mp-775194,2_afm,AFM,True,"{""Fe"": [-3.73, -4.28, -4.28, 3.73, 4.28, 4.28]}","{""Fe"": [3.74, 4.29]}",True,
mp-775194,3_afm,AFM,True,"{""Fe"": [-0.35, -0.49, 1.1, -0.01, -4.26, 4.24]}","{""Fe"": [3.74, 4.29]}",False,"Fe:collapsed/inconsistent |m| (ref [3.74, 4.29], got [0.35, 0.49, 1.1, 0.01, 4.26, 4.24])"
mp-775194,4_afm,AFM,True,"{""Fe"": [-3.71, -4.25, -4.26, 3.71, 4.26, 4.25]}","{""Fe"": [3.74, 4.29]}",True,
mp-775194,5_fim,FiM,True,"{""Fe"": [-3.67, 3.74, 4.29, 4.29, 4.28, 4.28]}","{""Fe"": [3.74, 4.29]}",True,
mp-775194,6_fim,FiM,True,"{""Fe"": [-4.25, -4.25, 3.71, 3.71, 4.27, 4.27]}","{""Fe"": [3.74, 4.29]}",True,
mp-775194,7_fim,FiM,True,"{""Fe"": [-4.27, -4.27, 3.73, 3.68, 4.29, 4.29]}","{""Fe"": [3.74, 4.29]}",True,
mp-775194,8_fim,FiM,True,"{""Fe"": [-4.25, -4.25, 3.71, 3.71, 4.27, 4.27]}","{""Fe"": [3.74, 4.29]}",True,
mp-850225,0_fm,FM,True,"{""Fe"": [4.39]}","{""Fe"": [4.39]}",True,
mp-850225,1_afm,AFM,True,"{""Fe"": [-4.4, 4.4]}","{""Fe"": [4.39]}",True,
mp-850225,2_afm,AFM,True,"{""Fe"": [-4.4, 4.4]}","{""Fe"": [4.39]}",True,
mp-850225,3_afm,AFM,True,"{""Fe"": [-4.4, 4.39]}","{""Fe"": [4.39]}",True,
mp-861559,0_fm,FM,True,"{""Fe"": [4.34, 4.32, 4.34, 4.32, 4.34, 4.34]}","{""Fe"": [4.34]}",True,
mp-861559,1_afm,AFM,True,"{""Fe"": [-4.31, -4.3, -4.3, 4.31, 4.3, 4.3]}","{""Fe"": [4.34]}",True,
mp-861559,2_afm,AFM,True,"{""Fe"": [-4.31, -4.31, -4.31, 4.31, 4.31, 4.31]}","{""Fe"": [4.34]}",True,
mp-861559,3_afm,AFM,True,"{""Fe"": [-4.33, -4.3, -4.32, 4.33, 4.3, 4.32]}","{""Fe"": [4.34]}",True,
