,0
density,6900
mean_electronegativity,3040
mean_group,2974
std_electronegativity,2615
std_atomic_radius,2045
mean_atomic_number,1628
max_atomic_number,1611
mean_atomic_radius,1589
std_atomic_number,1513
range_electronegativity,1314
min_atomic_number,1278
mean_atomic_mass,1226
min_electronegativity,1195
std_atomic_mass,1131
max_electronegativity,969
range_atomic_mass,835
fraction_transition_metals,791
range_atomic_number,766
num_elements,559
range_atomic_radius,495
max_atomic_radius,442
mean_period,308
min_atomic_radius,274
fraction_rare_earth,231
max_atomic_mass,157
min_atomic_mass,114
