T_K,n_seeds,m_mean,m_std_seeds,m_std_time,e_mag_eV_per_site
5,3,0.98760,0.00020,0.00041,0.000434
10,3,0.97497,0.00039,0.00086,0.000871
20,3,0.94886,0.00067,0.00184,0.001758
30,3,0.92156,0.00067,0.00276,0.002664
40,3,0.89318,0.00078,0.00335,0.003591
50,3,0.86301,0.00160,0.00399,0.004550
60,3,0.83070,0.00320,0.00606,0.005531
75,3,0.77798,0.00139,0.00805,0.007084
100,3,0.66911,0.00087,0.01066,0.010021
125,3,0.50345,0.01571,0.02004,0.013529
150,3,0.16801,0.03597,0.03646,0.017750
200,3,0.05115,0.01054,0.01502,0.020549
250,3,0.03527,0.00413,0.01274,0.021905
300,3,0.03448,0.00072,0.01215,0.022709
