T_K,n_seeds,m_mean,m_std_seeds,m_std_time,e_mag_eV_per_site,m_drift
5,3,0.98752,0.00015,0.00053,0.000434,-0.0005
10,3,0.97479,0.00032,0.00107,0.000871,-0.0009
20,3,0.94854,0.00070,0.00215,0.001759,-0.0019
30,3,0.92113,0.00114,0.00326,0.002665,-0.0029
40,3,0.89240,0.00162,0.00439,0.003593,-0.0039
50,3,0.86212,0.00211,0.00555,0.004545,-0.0048
60,3,0.83004,0.00259,0.00674,0.005528,-0.0056
75,3,0.77764,0.00316,0.00866,0.007072,-0.0066
100,3,0.67158,0.00327,0.01283,0.009941,-0.0072
125,3,0.50887,0.00284,0.02115,0.013488,-0.0055
150,3,0.12781,0.01223,0.04654,0.017832,+0.0184
200,3,0.04834,0.00151,0.01833,0.020591,-0.0011
250,3,0.03621,0.00091,0.01484,0.021902,-0.0039
300,3,0.03337,0.00058,0.01412,0.022711,-0.0026
