N,T_K,n_seeds,n_samples,m_mean,m2,m4,U4,U4_err,chi,m_drift
256,95,4,8004,0.49899,0.252659,0.067257,0.64881,0.00068,0.115,+0.0179
256,100,4,8004,0.43889,0.197885,0.042882,0.63497,0.00250,0.156,+0.0017
256,105,4,8004,0.36097,0.140687,0.024311,0.59057,0.01523,0.294,+0.0416
256,110,4,8004,0.27036,0.081960,0.009284,0.53930,0.00948,0.239,+0.0498
256,115,4,8004,0.23878,0.064005,0.005836,0.52517,0.02292,0.181,-0.0241
256,120,4,8004,0.19190,0.041835,0.002592,0.50641,0.02024,0.124,+0.0031
256,125,4,8004,0.17750,0.036654,0.002099,0.47913,0.01634,0.122,+0.0319
864,95,4,8004,0.47466,0.227057,0.052967,0.65754,0.00227,0.185,+0.0031
864,100,4,8004,0.37609,0.145685,0.023299,0.63408,0.00763,0.426,-0.0878
864,105,4,8004,0.28064,0.084678,0.008737,0.59386,0.02480,0.565,-0.0046
864,110,4,8004,0.18589,0.039342,0.002259,0.51358,0.03019,0.436,-0.0128
864,115,4,8004,0.13308,0.021005,0.000744,0.43809,0.03242,0.287,-0.0010
864,120,4,8004,0.10799,0.013422,0.000281,0.48037,0.01605,0.147,-0.0017
864,125,4,8004,0.10109,0.011920,0.000229,0.46164,0.02375,0.136,+0.0079
2048,95,4,8004,0.44825,0.201769,0.041364,0.66131,0.00054,0.210,+0.0059
2048,100,4,8004,0.35026,0.124929,0.016612,0.64520,0.00477,0.533,+0.0061
2048,105,4,8004,0.20733,0.047478,0.002953,0.56338,0.02302,1.016,-0.0094
2048,110,4,8004,0.12635,0.018002,0.000464,0.52277,0.01640,0.440,-0.0197
2048,115,4,8004,0.08446,0.008420,0.000121,0.42880,0.03660,0.266,+0.0074
2048,120,4,8004,0.07483,0.006527,0.000069,0.46213,0.02288,0.184,+0.0049
2048,125,4,8004,0.05949,0.004171,0.000029,0.45385,0.01834,0.120,-0.0032
4000,95,4,8004,0.44364,0.197279,0.039287,0.66351,0.00026,0.227,-0.0047
4000,100,4,8004,0.34620,0.121023,0.015201,0.65404,0.00242,0.543,-0.0262
4000,105,4,8004,0.15580,0.026714,0.000951,0.55600,0.02863,1.079,-0.0402
4000,110,4,8004,0.08724,0.008915,0.000130,0.45474,0.03097,0.550,-0.0222
4000,115,4,8004,0.06867,0.005682,0.000057,0.40867,0.02904,0.390,-0.0126
4000,120,4,8004,0.05593,0.003608,0.000020,0.49236,0.01508,0.186,+0.0108
4000,125,4,8004,0.04498,0.002340,0.000008,0.48860,0.01259,0.117,+0.0072
