material_id,source_database,formula,ordering_final,ordering_source,confidence,n_atoms,relaxation_energy_per_atom,final_max_force,converged,energy_above_hull,hull_known,crystal_system_bucket,heavy_soc_elements
mp-1520073,MaterialsProject,SrCaFeBiO6,FM,ground_truth,1.0,10,0.0,0.0039866268634796,True,0.0894979431499969,True,cubic,['Bi']
JVASP-68948,JARVIS,BaFeHg4,FiM,predicted,0.6594374471600157,6,1.5735626220703125e-05,0.0464292056858539,True,0.0,True,cubic,['Hg']
mp-22972,MaterialsProject,Tb6FeBi2,FiM,ground_truth,1.0,9,3.136528862847222e-05,0.049056127667427,True,0.0121223229320994,True,hexagonal,['Bi']
mp-1519427,MaterialsProject,BaCaFeBiO6,FM,ground_truth,1.0,10,0.0001186370849609,0.0338369011878967,True,0.0946119809999954,True,cubic,['Bi']
mp-861559,MaterialsProject,TaFeO4,FM,ground_truth,1.0,36,0.0003450181749131,0.03828776627779,True,0.0335178038888877,True,tetragonal,['Ta']
mp-1228376,MaterialsProject,Ba3Fe2WO9,FM,ground_truth,1.0,30,0.0003519694010416,0.0367742478847503,True,0.0,True,hexagonal,['W']
mp-1217946,MaterialsProject,TaFeO4,FM,ground_truth,1.0,18,0.0003628200954861,0.0464390069246292,True,0.0304656174999973,True,orthorhombic,['Ta']
mp-1043970,MaterialsProject,CaLaTaFeO6,FM,ground_truth,1.0,40,0.0003990173339843,0.0458769313991069,True,0.0,True,monoclinic,['Ta']
mp-1522159,MaterialsProject,BaSrFeBiO6,FM,ground_truth,1.0,10,0.0004276275634765,0.0276673138141632,True,0.0190730749999925,True,cubic,['Bi']
mp-769471,MaterialsProject,Fe3Co2P6WO24,FM,ground_truth,1.0,36,0.0004323323567708,0.0483349114656448,True,0.0759752407407114,True,trigonal,['W']
mp-1047414,MaterialsProject,Zn2FeWO6,FM,ground_truth,1.0,20,0.0004421234130859,0.0478312745690345,True,0.0587760704999995,True,trigonal,['W']
mp-1301722,MaterialsProject,Ca3Fe2(WO6)2,FM,ground_truth,1.0,19,0.0004569605777138,0.0308970063924789,True,0.0891206168421074,True,trigonal,['W']
mp-551086,MaterialsProject,CrFe(BiO3)2,FiM,ground_truth,1.0,20,0.0004608154296875,0.0443394891917705,True,0.0158680090000009,True,trigonal,['Bi']
mp-1173139,MaterialsProject,Ta2FeO6,FM,ground_truth,1.0,54,0.0004651104962384,0.0415064729750156,True,0.0092876262963663,True,orthorhombic,['Ta']
mp-850225,MaterialsProject,FeP6(WO8)3,FM,ground_truth,1.0,34,0.00049950094784,0.0402645952999591,True,0.0,True,trigonal,['W']
mp-1216981,MaterialsProject,TiFeBiPbO6,FM,ground_truth,1.0,10,0.0004997253417968,0.0477034449577331,True,0.0256992462031231,True,orthorhombic,['Bi']
JVASP-94227,JARVIS,Mg6FeBi,FM,predicted,0.5481731732979863,8,0.0005106925964355,0.0326850563287735,True,0.0018,True,orthorhombic,['Bi']
mp-755203,MaterialsProject,Li4NbFe(WO6)2,FM,ground_truth,1.0,40,0.0005149841308593,0.0490858033299446,True,0.0215649769999979,True,triclinic,['W']
mp-1173143,MaterialsProject,Ta2FeO6,FM,ground_truth,1.0,54,0.0005555329499421,0.0496822521090507,True,0.0080148887037747,True,monoclinic,['Ta']
JVASP-93203,JARVIS,Mg6TiBi,FM,predicted,0.56835165255208,8,0.0005574226379394,0.0299692079424858,True,0.0,True,orthorhombic,['Bi']
JVASP-64219,JARVIS,Ba4ScHg,FM,predicted,0.3902973579747972,6,0.0005591710408528,0.0355721749365329,True,0.079,True,cubic,['Hg']
mp-682554,MaterialsProject,FeCu4Re14(Mo3S20)2,FM,ground_truth,1.0,65,0.0006446251502403,0.0357062555849552,True,0.0354103421730744,True,monoclinic,['Re']
mp-1343817,MaterialsProject,CaFeReO6,FM,ground_truth,1.0,18,0.0006476508246527,0.0465487353503704,True,0.0433917513009305,True,monoclinic,['Re']
mp-1228547,MaterialsProject,Ba4Ta10FeO30,FM,ground_truth,1.0,45,0.0006700303819444,0.0447754673659801,True,0.0,True,orthorhombic,['Ta']
mp-1079285,MaterialsProject,Tb6FeBi2,FM,ground_truth,1.0,9,0.0006997850206163,0.0461280345916748,True,0.0191438862654331,True,orthorhombic,['Bi']
mp-775194,MaterialsProject,Li2Fe3WO8,FM,ground_truth,1.0,28,0.0007531302315848,0.040557287633419,True,0.0302621514285696,True,orthorhombic,['W']
mp-1197024,MaterialsProject,FeBi(SeO3)3,FM,ground_truth,1.0,56,0.0008179800851004,0.0468889325857162,True,0.0,True,orthorhombic,['Bi']
mp-754090,MaterialsProject,Li4Fe2TeWO12,FM,ground_truth,1.0,20,0.0008567810058593,0.0465061664581298,True,0.0850790994500023,True,triclinic,['W']
mp-1218521,MaterialsProject,Sr3TaFeO7,FM,ground_truth,1.0,12,0.0009085337320963,0.0404808223247528,True,0.0371952941666755,True,tetragonal,['Ta']
mp-1217456,MaterialsProject,Ti4FeBiPb4O15,FM,ground_truth,1.0,25,0.0009307861328125,0.0378346182405948,True,0.0149551936812573,True,orthorhombic,['Bi']
